comparison,source_old,source_new,name,occurrence,status,old_va,new_va,old_size,new_size,old_normalized_sha256,new_normalized_sha256
5.0.21_to_5.5.00,Bixby110DataElements.cpp,Bixby110DataElements.cpp,CalibrateMicrosecondTimer(HWND__*),0,same_normalized,0x00407F40,0x00408140,160,160,95b08e77d22c35453257f9734fa4973967b6913896412100d77d8c4b5653b6c9,95b08e77d22c35453257f9734fa4973967b6913896412100d77d8c4b5653b6c9
5.0.21_to_5.5.00,Bixby110DataElements.cpp,Bixby110DataElements.cpp,CalibrateMicrosecondTimer_6E030(HWND__*),0,same_normalized,0x00408030,0x00408230,160,160,788fbbec485a41353982f756760cde7d6baab4ac6f01083b8bd8a24f671b3068,788fbbec485a41353982f756760cde7d6baab4ac6f01083b8bd8a24f671b3068
5.0.21_to_5.5.00,Bixby110DataElements.cpp,Bixby110DataElements.cpp,CloseDebugWindow(),0,same_normalized,0x00407B10,0x00407D10,96,96,8275fed5474b3066ddb785d16572c165198e261caae1b69cefabe39fa5ce18fb,8275fed5474b3066ddb785d16572c165198e261caae1b69cefabe39fa5ce18fb
5.0.21_to_5.5.00,Bixby110DataElements.cpp,Bixby110DataElements.cpp,DelayMicrosecond(unsigned int),0,same_normalized,0x00407F00,0x00408100,64,64,54bac773aeadb030f4a059dda23acf443e63f2378384631b75052749e7b46b69,54bac773aeadb030f4a059dda23acf443e63f2378384631b75052749e7b46b69
5.0.21_to_5.5.00,Bixby110DataElements.cpp,Bixby110DataElements.cpp,DelayMicrosecond_6E030(unsigned int),0,same_normalized,0x00407FE0,0x004081E0,80,80,c67a17a7fcaacd32afa3577883f580f9374d66f680b91f1a409e5fe614677e65,c67a17a7fcaacd32afa3577883f580f9374d66f680b91f1a409e5fe614677e65
5.0.21_to_5.5.00,Bixby110DataElements.cpp,Bixby110DataElements.cpp,"FormatTime(_SYSTEMTIME*, char*)",0,same_normalized,0x004080D0,0x004082D0,496,496,b1b5f214bb29a3e3ef4a43d001070aefe0c9a8afdde8291678122b3cffe258e2,b1b5f214bb29a3e3ef4a43d001070aefe0c9a8afdde8291678122b3cffe258e2
5.0.21_to_5.5.00,main.cpp,main.cpp,GetComPort(),0,same_normalized,0x00426410,0x004292A0,64,64,92e145e74687f40e5b55e1a64626e906f89859e9445abadf64c59f115b60e4a0,92e145e74687f40e5b55e1a64626e906f89859e9445abadf64c59f115b60e4a0
5.0.21_to_5.5.00,Bixby110DataElements.cpp,Bixby110DataElements.cpp,"GetCompressedDate(_SYSTEMTIME*, char*)",0,same_normalized,0x004082C0,0x004084C0,64,64,8829aae014a695dff084aeee8c02c1c354c66e2d7332592e91da2ed097d550ae,8829aae014a695dff084aeee8c02c1c354c66e2d7332592e91da2ed097d550ae
5.0.21_to_5.5.00,main.cpp,main.cpp,"GetTextExtentCharSum(HDC__*, char const*, int, tagSIZE*)",0,same_normalized,0x00426450,0x004292E0,112,112,4a6dd3aebe0acf58cdeab70cb18b4d87cf4adc708fcfe03a54931bd28b5ab53c,4a6dd3aebe0acf58cdeab70cb18b4d87cf4adc708fcfe03a54931bd28b5ab53c
5.0.21_to_5.5.00,Bixby110DataElements.cpp,Bixby110DataElements.cpp,"ISBeep(unsigned long, unsigned long)",0,same_normalized,0x004078E0,0x00407AE0,48,48,56bc1371428508752121109c9743a53d3d7d7a4fb7ba50b94fb1b00a33582f0e,56bc1371428508752121109c9743a53d3d7d7a4fb7ba50b94fb1b00a33582f0e
5.0.21_to_5.5.00,,Bixby110DataElements.cpp,"PercentageToStoveMultiplyParameter(unsigned char, unsigned char)",0,added,,0x00407A20,,192,,6af9d8d40b0b261c0e79230642fdc75c5a7b60c7b5b6ee8ad3fd870fb151c464
5.0.21_to_5.5.00,,Bixby110DataElements.cpp,"RangeCheckAssumingValidEntry(_BXDataElement_*, char*)",0,added,,0x004086E0,,80,,af8c378d7ae244eec30f4b686af284b772a903b50cce3943b3a13ecb1b81e861
5.0.21_to_5.5.00,Bixby110Downloader.cpp,Bixby110Downloader.cpp,"ReadFile_fgets(char*, int, void*)",0,same_normalized,0x0041C020,0x0041ED70,160,160,756bd78445db9a9f62737474720935dbf79143abd5aba2039c353443ea17a03d,756bd78445db9a9f62737474720935dbf79143abd5aba2039c353443ea17a03d
5.0.21_to_5.5.00,main.cpp,main.cpp,Redraw(),0,same_normalized,0x00426400,0x00429290,16,16,e45140c1c067de5bd3d61622fb5ed7a4654f3163693b3ee22bd153b085a2ab3b,e45140c1c067de5bd3d61622fb5ed7a4654f3163693b3ee22bd153b085a2ab3b
5.0.21_to_5.5.00,Bixby110DataElements.cpp,Bixby110DataElements.cpp,"SetupDebugWindow(HWND__*, HINSTANCE__*)",0,changed,0x00407910,0x00407B10,512,512,4e1c72f4fcc43d0ac7de63d652b89cca8fe02524a38c41d804da05c2117bde7a,fe55a61f1d251a0587b5fce16c833639984e38919217d6b71d20eaee1824bee9
5.0.21_to_5.5.00,Bixby110DataElements.cpp,Bixby110DataElements.cpp,ShowDebugWindow(),0,changed,0x00407B70,0x00407D70,96,96,ec14c4f4359b0ef04689dce70d963880daa42591ec3b03d80e24432734fec6c1,69671cf8e55557760fe1a1f20f7bbafad2927ea463d954d7b74eb325a8a6e680
5.0.21_to_5.5.00,,Bixby110DataElements.cpp,"StoveMultiplyParameterToPercentage(unsigned char, unsigned char)",0,added,,0x00407970,,176,,bd28a1d470b85dfe9756145a133f11d5e5d0e646c5240790a6a9e378c1360786
5.0.21_to_5.5.00,Bixby110DataElements.cpp,Bixby110DataElements.cpp,TextBased_0_255_RangeCheck(char*),0,changed,0x00408300,0x00408500,240,240,bf3a9dfa35c3417b3ca31ca1154eca2037b26ad7e622f198afc9c51652bb2a47,2c2deda2e667e9080ac7d9aed2f652782596fdda2be5edd5d740c0ea4869ba2b
5.0.21_to_5.5.00,,Bixby110DataElements.cpp,TextBased_m128_p127_RangeCheck(char*),0,added,,0x004085F0,,240,,1b956b8e391d07a00b4b9cbd517ea83d7b0f5a82a0770a292fc7b83f0980fe5c
5.0.21_to_5.5.00,Bixby110DataElements.cpp,Bixby110DataElements.cpp,"TimeDelay(HWND__*, unsigned int)",0,same_normalized,0x00407E40,0x00408040,192,192,5a609ca9e410381282693a7b1905d11ece29833f83cf2ee8bf130ff17a93c5f9,5a609ca9e410381282693a7b1905d11ece29833f83cf2ee8bf130ff17a93c5f9
5.0.21_to_5.5.00,main.cpp,main.cpp,WinMain@16,0,changed,0x004264C0,0x00429350,3680,4016,d317a32132ff219e3ac7c9c2bfc9c057a1ecec1ac970a8f9d0440d22ccf5f250,977ec7c2111f322fbad8f6b38cd2df0fe9dd7c5a0905994cd16fbcdf1258323a
5.0.21_to_5.5.00,main.cpp,main.cpp,"WindowProcedure(HWND__*, unsigned int, unsigned int, long)@16",0,same_normalized,0x00427320,0x0042A300,256,256,4e5ac75cef3fe2ac1ed788bda0db9ea6703ea1d0b327759d5e78defc0c72e303,4e5ac75cef3fe2ac1ed788bda0db9ea6703ea1d0b327759d5e78defc0c72e303
5.0.21_to_5.5.00,Bixby110DataElements.cpp,Bixby110DataElements.cpp,"__static_initialization_and_destruction_0(int, int)",0,same_normalized,0x00409960,0x0040A1C0,320,320,d6076843e488e0c152a505710049e2018909c675083e5d153e396c06cc9a6aee,d6076843e488e0c152a505710049e2018909c675083e5d153e396c06cc9a6aee
5.0.21_to_5.5.00,async.cpp,async.cpp,"async::async(int, long, long, int, int)",0,same_normalized,0x00401330,0x00401330,496,496,a9f5b7386459727f37f3b1020ae2218441baa6c289ad317cd221a858aa8faf98,a9f5b7386459727f37f3b1020ae2218441baa6c289ad317cd221a858aa8faf98
5.0.21_to_5.5.00,async.cpp,async.cpp,"async::async(int, long, long, int, int)",1,same_normalized,0x00401520,0x00401520,496,496,a9f5b7386459727f37f3b1020ae2218441baa6c289ad317cd221a858aa8faf98,a9f5b7386459727f37f3b1020ae2218441baa6c289ad317cd221a858aa8faf98
5.0.21_to_5.5.00,async.cpp,async.cpp,async::close(),0,same_normalized,0x00401790,0x00401790,48,48,71fe8d1732a08d5a649749868bc8ef5f61c6c46b11776b2118972de03da8c97d,71fe8d1732a08d5a649749868bc8ef5f61c6c46b11776b2118972de03da8c97d
5.0.21_to_5.5.00,async.cpp,async.cpp,async::flush_buffer(),0,same_normalized,0x004017C0,0x004017C0,48,48,9d61d2942724d27f6f2054ab69322b24a090b7b81428cd514b59145481011b38,9d61d2942724d27f6f2054ab69322b24a090b7b81428cd514b59145481011b38
5.0.21_to_5.5.00,async.cpp,async.cpp,async::get_read_string_buf_count(),0,same_normalized,0x00401A50,0x00401A50,16,16,86087ce727d4133db282c7ea05a1cda8ae26c5db349bc56ae75ce6b4785f1d99,86087ce727d4133db282c7ea05a1cda8ae26c5db349bc56ae75ce6b4785f1d99
5.0.21_to_5.5.00,async.cpp,async.cpp,async::read_char(char*),0,same_normalized,0x00401860,0x00401860,160,160,af0044713948b2e97b3456ed909d82906cb070d66c9f06cc8a3fd627859dc0c9,af0044713948b2e97b3456ed909d82906cb070d66c9f06cc8a3fd627859dc0c9
5.0.21_to_5.5.00,async.cpp,async.cpp,async::read_string(char*),0,same_normalized,0x00401900,0x00401900,336,336,f2620add75cbaa7c431457dcb25fb5b322ad20b7a5b1b1641e5e96b2c8ebb3c0,f2620add75cbaa7c431457dcb25fb5b322ad20b7a5b1b1641e5e96b2c8ebb3c0
5.0.21_to_5.5.00,async.cpp,async.cpp,async::set_timeout(long),0,same_normalized,0x004012E0,0x004012E0,80,80,6bf3f5e535c98f072530faf01588becf48c852f9a9305c119809d586586f5b10,6bf3f5e535c98f072530faf01588becf48c852f9a9305c119809d586586f5b10
5.0.21_to_5.5.00,async.cpp,async.cpp,"async::write(char*, int)",0,same_normalized,0x004017F0,0x004017F0,112,112,5a85f3ab347b7eece7d40650538a29da9454d713986b6d757aa12ade3363ba76,5a85f3ab347b7eece7d40650538a29da9454d713986b6d757aa12ade3363ba76
5.0.21_to_5.5.00,async.cpp,async.cpp,async::~async(),0,same_normalized,0x00401710,0x00401710,64,64,d1f3615b1ac1b8698b60280e314b60811c053a1c69ffeac4e4d4a8be77ac1be7,d1f3615b1ac1b8698b60280e314b60811c053a1c69ffeac4e4d4a8be77ac1be7
5.0.21_to_5.5.00,async.cpp,async.cpp,async::~async(),1,same_normalized,0x00401750,0x00401750,64,64,d1f3615b1ac1b8698b60280e314b60811c053a1c69ffeac4e4d4a8be77ac1be7,d1f3615b1ac1b8698b60280e314b60811c053a1c69ffeac4e4d4a8be77ac1be7
5.0.21_to_5.5.00,Bixby110chkdlg.cpp,Bixby110chkdlg.cpp,bixby110checkout::AnalyzeAutomaticResult(int),0,changed,0x00403C60,0x00403B50,576,528,0d48fd15efd880f7270376d6a8e5561fb85a0e449c83c357158bf4e3548ce65a,3261d8b0989ad7f5b064fc881eaf9b0302f50591308a4c369822e82aeef8df6d
5.0.21_to_5.5.00,Bixby110chkdlg.cpp,Bixby110chkdlg.cpp,bixby110checkout::AnalyzeInteractiveResult(int),0,same_normalized,0x00403340,0x00403340,1296,1296,b9b830082cedc62f631d0325c4860a35b4d0782138029ddd22ce33631e41f50d,b9b830082cedc62f631d0325c4860a35b4d0782138029ddd22ce33631e41f50d
5.0.21_to_5.5.00,Bixby110chkdlg.cpp,,"bixby110checkout::Bixby110Checkout(HINSTANCE__*, int)",0,removed,0x004063E0,,5376,,0c3f63734a0aab0f926f8dded6ed6155091cd6f96df4709e554547fccd25e426,
5.0.21_to_5.5.00,,Bixby110chkdlg.cpp,"bixby110checkout::Bixby110Checkout(HINSTANCE__*, int, unsigned char)",0,added,,0x00406460,,5392,,b3929322091f024c13a7593facec58c11ba4b5a89f4626f96c02024a09c8d3ae
5.0.21_to_5.5.00,Bixby110chkdlg.cpp,Bixby110chkdlg.cpp,"bixby110checkout::Bixby110SetupCheckoutAutomaticTests(int, int, int, int)",0,same_normalized,0x00405F20,0x00405FA0,416,416,9e34d91090bc3dc902ff8230c416f4639015a302d1472c1482c64e9aaf8b24b0,9e34d91090bc3dc902ff8230c416f4639015a302d1472c1482c64e9aaf8b24b0
5.0.21_to_5.5.00,Bixby110chkdlg.cpp,Bixby110chkdlg.cpp,"bixby110checkout::Bixby110SetupCheckoutIndividualizationData(int, int, int, int)",0,same_normalized,0x004060C0,0x00406140,800,800,e37588da66ec51010a81c92c82a6c8fdbbb86a37aa9e4f85c7c7c76434d1c398,e37588da66ec51010a81c92c82a6c8fdbbb86a37aa9e4f85c7c7c76434d1c398
5.0.21_to_5.5.00,Bixby110chkdlg.cpp,Bixby110chkdlg.cpp,"bixby110checkout::Bixby110SetupCheckoutInteractiveTests(int, int, int, int)",0,same_normalized,0x00405C80,0x00405D00,672,672,b25d5c3b38a38280f22ee39aaf29b15f3acd6b731a73b2966b04c7e4bb25214e,b25d5c3b38a38280f22ee39aaf29b15f3acd6b731a73b2966b04c7e4bb25214e
5.0.21_to_5.5.00,Bixby110chkdlg.cpp,Bixby110chkdlg.cpp,bixby110checkout::Bixby110UpdateData(),0,same_normalized,0x00405800,0x00405880,1152,1152,0dd820d2164f710df607dd53dacacbf96b5d163b8acd4b475063e99d034a70ab,0dd820d2164f710df607dd53dacacbf96b5d163b8acd4b475063e99d034a70ab
5.0.21_to_5.5.00,Bixby110chkdlg.cpp,Bixby110chkdlg.cpp,bixby110checkout::ChkStop(),0,same_normalized,0x00403040,0x00403040,48,48,a2c31f10d4bbe7cbce7a6630b6347e861cddb55d425576014452eb0b104125b1,a2c31f10d4bbe7cbce7a6630b6347e861cddb55d425576014452eb0b104125b1
5.0.21_to_5.5.00,Bixby110chkdlg.cpp,Bixby110chkdlg.cpp,bixby110checkout::GenerateReport(),0,same_normalized,0x00404440,0x004044C0,5056,5056,ea2d0e95c139e0f79712b916d1ec9ef10090c97598adb02812d43dc6a29c2c46,ea2d0e95c139e0f79712b916d1ec9ef10090c97598adb02812d43dc6a29c2c46
5.0.21_to_5.5.00,Bixby110chkdlg.cpp,Bixby110chkdlg.cpp,"bixby110checkout::IterativeRead(unsigned int, unsigned char, unsigned char)",0,changed,0x00403950,0x00403950,496,224,c5e70d1274aef76e83a325d64452641301f637545af30ad1d91e8797003afe0f,9a04ef8815ad970a48d4c0c8f04180f99f49754045de634bbe43501e32f16b90
5.0.21_to_5.5.00,Bixby110chkdlg.cpp,Bixby110chkdlg.cpp,"bixby110checkout::IterativeScan(unsigned int, unsigned char, unsigned int)",0,same_normalized,0x00403B40,0x00403A30,288,288,3fbab9f997a1975c124beaf4db3f7b5ad894448c522dba444df421622f23c54d,3fbab9f997a1975c124beaf4db3f7b5ad894448c522dba444df421622f23c54d
5.0.21_to_5.5.00,Bixby110chkdlg.cpp,Bixby110chkdlg.cpp,bixby110checkout::ReadAutomaticResult(int),0,changed,0x00403EA0,0x00403D60,1376,1824,5a378b52111634db68ff1c0004ceb88089c54ed659f915c36a6028d147564fac,1ccf5404c2d8cb56efd1fdbdb23daecc0675060f6c10a636dd5d586735f40e89
5.0.21_to_5.5.00,Bixby110chkdlg.cpp,Bixby110chkdlg.cpp,bixby110checkout::ReadInteractiveResult(int),0,same_normalized,0x00403270,0x00403270,208,208,d1e035da65bc17b6a6a2fd6bf6232c47ee0efbf429ccc4132914866d6b32a980,d1e035da65bc17b6a6a2fd6bf6232c47ee0efbf429ccc4132914866d6b32a980
5.0.21_to_5.5.00,Bixby110chkdlg.cpp,Bixby110chkdlg.cpp,bixby110checkout::SendAutomaticAction(int),0,same_normalized,0x00403850,0x00403850,256,256,837efe3c5085efc4bfd7b504539c1bdf65db03e2df0172047a868f492a21dd20,837efe3c5085efc4bfd7b504539c1bdf65db03e2df0172047a868f492a21dd20
5.0.21_to_5.5.00,Bixby110chkdlg.cpp,Bixby110chkdlg.cpp,bixby110checkout::SendInteractiveAction(int),0,same_normalized,0x00403070,0x00403070,512,512,825eb6f8b5231107baf76402c3e014ba722061014029fdcf37a1900d289ed824,825eb6f8b5231107baf76402c3e014ba722061014029fdcf37a1900d289ed824
5.0.21_to_5.5.00,Bixby110chkdlg.cpp,Bixby110chkdlg.cpp,bixby110checkout::bixby110checkout(),0,same_normalized,0x00401A60,0x00401A60,1552,1552,824e3fe991c53cb348d82f7dedc564908deb7bed5b7ee3e73f4391327c6ea32e,824e3fe991c53cb348d82f7dedc564908deb7bed5b7ee3e73f4391327c6ea32e
5.0.21_to_5.5.00,Bixby110chkdlg.cpp,Bixby110chkdlg.cpp,bixby110checkout::bixby110checkout(),1,same_normalized,0x00402070,0x00402070,1552,1552,824e3fe991c53cb348d82f7dedc564908deb7bed5b7ee3e73f4391327c6ea32e,824e3fe991c53cb348d82f7dedc564908deb7bed5b7ee3e73f4391327c6ea32e
5.0.21_to_5.5.00,Bixby110chkdlg.cpp,Bixby110chkdlg.cpp,"bixby110checkout::writeln(void*, char*)",0,same_normalized,0x00404400,0x00404480,64,64,540e284d78f3f8680248962074b80a33e838918cef7fd3648001daf285acce0c,540e284d78f3f8680248962074b80a33e838918cef7fd3648001daf285acce0c
5.0.21_to_5.5.00,Bixby110chkdlg.cpp,Bixby110chkdlg.cpp,bixby110checkout::~bixby110checkout(),0,same_normalized,0x00402680,0x00402680,1248,1248,c787e9a70c4f63c0c79dc0a06a768be816ec1a2a395070ce0e3385d5a773d7be,c787e9a70c4f63c0c79dc0a06a768be816ec1a2a395070ce0e3385d5a773d7be
5.0.21_to_5.5.00,Bixby110chkdlg.cpp,Bixby110chkdlg.cpp,bixby110checkout::~bixby110checkout(),1,same_normalized,0x00402B60,0x00402B60,1248,1248,c787e9a70c4f63c0c79dc0a06a768be816ec1a2a395070ce0e3385d5a773d7be,c787e9a70c4f63c0c79dc0a06a768be816ec1a2a395070ce0e3385d5a773d7be
5.0.21_to_5.5.00,Bixby110dlg.cpp,Bixby110dlg.cpp,bixby110control::AppendDataLogLine(char*),0,changed,0x0040F960,0x00411200,128,128,4bdc96482dd4b559e74af1001090143b9e5458beeb89b2e4c971312146f66a48,068b3a32ef142f680c3da3c7d02c2ba73270f2effd52456325f165e559fcc44b
5.0.21_to_5.5.00,,Bixby110dlg.cpp,"bixby110control::AppendDataLogLine(char*, unsigned char)",0,added,,0x00411190,,112,,1d78625fe12ad0e7ff29090e963192acf62a6b1e43d1aba68621216c4ca33403
5.0.21_to_5.5.00,Bixby110dlg.cpp,,"bixby110control::Bixby110Dialog(HINSTANCE__*, int, unsigned char)",0,removed,0x004160D0,,14864,,067d7ef1e8bb68294707d439943505ae900a46ee5a1d0e470d7ffb68cc49a825,
5.0.21_to_5.5.00,,Bixby110dlg.cpp,"bixby110control::Bixby110Dialog(HINSTANCE__*, int, unsigned char, unsigned char)",0,added,,0x00418020,,18448,,4eb1d2eccf8ce0de1ef62fa220114925cee6e1f70c7aea08305d46a9b98da1ad
5.0.21_to_5.5.00,Bixby110dlg.cpp,Bixby110dlg.cpp,"bixby110control::Bixby110DialogSetupButtons(int, int, int, int)",0,changed,0x00415B70,0x00417A50,768,768,d7734efe49525cf768362a287be552ef6de98fa5190571c0c58f96a6513f0b87,02f8612e8098590104b5da7fbf54c13e731f5597c79b3b75ba3ff2b82c069c6e
5.0.21_to_5.5.00,Bixby110dlg.cpp,Bixby110dlg.cpp,"bixby110control::Bixby110DialogSetupDebug(int, int, int, int)",0,changed,0x00414AD0,0x00416790,832,832,66e51c72d8aaf24d194e68f1f020c73b8a7b07aa9cb22711900a48f82fb33c53,c0e43ecaf5b36634ccc1dd0510eefd1814b6079956d877c7a192914778ed68f3
5.0.21_to_5.5.00,Bixby110dlg.cpp,Bixby110dlg.cpp,"bixby110control::Bixby110DialogSetupFlueMonitor(int, int, int, int)",0,changed,0x00414E10,0x00416AD0,992,992,d091ff8416b343e57005bbbd061a31bf8260540897faa1c505fe738b22147496,ba53a1c2b95a8208aea3a14bd3d52f296d3a1fae038fac1b672867dcba7fc8f4
5.0.21_to_5.5.00,Bixby110dlg.cpp,Bixby110dlg.cpp,"bixby110control::Bixby110DialogSetupFuelMonitor(HWND__*, int, int, int, int, int)",0,changed,0x004151F0,0x00416EB0,960,1504,caed127d7da791c17f2997482a3047771540a10a211b8d87053b004a1de820c4,046f435ea72e093ce0dc942b8beb481814db48d649470e9a790d6561203b26b9
5.0.21_to_5.5.00,Bixby110dlg.cpp,Bixby110dlg.cpp,"bixby110control::Bixby110DialogSetupIndividualization(int, int, int, int)",0,changed,0x00414310,0x00415F50,784,912,55bdb4649410a9874575b858bee63f3a3ed73e9bd567976e4692cc1f121d1711,6a06b9ece0b6868d5d8fa1b4922d94f328e52274582be04c6ac7a3fad734a343
5.0.21_to_5.5.00,Bixby110dlg.cpp,Bixby110dlg.cpp,"bixby110control::Bixby110DialogSetupPanel(int, int, int, int)",0,changed,0x00415E70,0x00417D50,368,368,30d08ce75d0fe41fff981870934dfbbac28692da8487190b8aebb61c8ecec11f,ed96f5b7fb86760cffed08a9a32fd8dccfc9c71ca3809dd3a7f7f6d000238760
5.0.21_to_5.5.00,Bixby110dlg.cpp,Bixby110dlg.cpp,"bixby110control::Bixby110DialogSetupQuickCal(int, int, int, int)",0,changed,0x00414620,0x004162E0,1200,1200,0107f4c0769dfcd409344fb4612d6e6a016fbccda7c99a2cbbe6c3af8a0b8346,0dd64d3932d3c9eb99d2ebee9bfde8c9fb11f24af5b8f3bd2a1b6225be53ca53
5.0.21_to_5.5.00,Bixby110dlg.cpp,Bixby110dlg.cpp,"bixby110control::Bixby110DialogSetupTelemetry(int, int, int, int)",0,changed,0x00414100,0x00415D40,528,528,66ed65dfb9abfd9b0597040f7ef8db3df5a2e196fcd9d833bdc51f3b4e358280,59619252f2f831f1802ec07f9e2b72b80e5d67d942b056abd278d77f47f0a869
5.0.21_to_5.5.00,Bixby110dlg.cpp,Bixby110dlg.cpp,"bixby110control::Bixby110DialogSetupUtilityWindowButtons(int, int, int, int)",0,changed,0x00415FE0,0x00417EC0,240,240,84c5b323de3d09cc24b299589e2c03866b1290201adada68b5d9152e40fa7019,147a32d2768f4a390cfde46b4f79a21a59f256a6c5a10ddb611cbd3e2436bbb4
5.0.21_to_5.5.00,Bixby110dlg.cpp,Bixby110dlg.cpp,bixby110control::Bixby110DialogSetupUtilityWindows(),0,changed,0x004155B0,0x00417490,1472,1472,9b44577e16abde92dddb92aa55afc59f75d402b9ae8f848a7784a8bb3a3be4dd,40376b82aea7ac0fb5937145fe5f6dd50d27890314969f6144b58e2d271dbacf
5.0.21_to_5.5.00,Bixby110dlg.cpp,Bixby110dlg.cpp,"bixby110control::Bixby110Initialize(unsigned char, unsigned char)",0,changed,0x004136E0,0x004152C0,288,384,c5489294d0f1d3e2f401ca61ad2c4413781c7335398b466d68734d36694c9a47,3e77fc86131f593721d81163b583c8b434a76651cf0d39b9e3eca8ac35482403
5.0.21_to_5.5.00,Bixby110dlg.cpp,Bixby110dlg.cpp,bixby110control::Bixby110TuneAdjustments(unsigned char),0,changed,0x00412F20,0x004149C0,1984,2304,99635b48eeee67a73c0dccacea670271593b2fd56d25c6dbb57d4f8cec49d32f,20d76a9ea4f7884b2fca6dae9f83b7b9eb6655495b9dd7040c105c9f3574ca37
5.0.21_to_5.5.00,Bixby110dlg.cpp,Bixby110dlg.cpp,"bixby110control::Bixby110UpdateData(char, unsigned char)",0,changed,0x0040FEE0,0x004117F0,11856,11520,bfec07484b7a3bc4129f1132617ccfc80c4324c3ed5506293a21828ec3f4e622,2d72b296bab1c931f18b4d7cb82f0f1df1facfda3c9ff6f2c207b934ccb9c2c6
5.0.21_to_5.5.00,Bixby110dlg.cpp,Bixby110dlg.cpp,bixby110control::BixbyProcessHelpRequest(),0,changed,0x0040EDD0,0x00410480,2960,3344,396dbff6271d8bcfd7279bf73e76b8f3c816cb1bc5b7585d000b4a1988d22016,f772127e1f1423e44eabc75c4cc802ce8df46ae0e4cd4b7392ef32fd0d29f2e7
5.0.21_to_5.5.00,,Bixby110dlg.cpp,"bixby110control::BixbyWriteRegister(unsigned char, unsigned char, unsigned char)",0,added,,0x00414790,,64,,455cd8438a95206c38dc6f7d2c8a067eacd32249566b42fc5b60b7bff13b8c70
5.0.21_to_5.5.00,,Bixby110dlg.cpp,"bixby110control::BixbyWriteRegister(unsigned char, unsigned char, unsigned char, unsigned char)",0,added,,0x004144F0,,672,,f9a28835c0f9f2a3c8f6f24e4105c75d911db7c44f18b423e0df849a5555c539
5.0.21_to_5.5.00,,Bixby110dlg.cpp,bixby110control::DataLogLineAssemblePayload(),0,added,,0x00411340,,112,,9773858016ac2cf7c2bb92f8ca92c14aab3e90e9b9bb159effd1543239f4a237
5.0.21_to_5.5.00,,Bixby110dlg.cpp,bixby110control::GenerateReport(char*),0,added,,0x0040F870,,3088,,e56a549c615c1b7cd5d3ff3dc1941b8d6e72c004eca68feee965c8ad36dae4ec
5.0.21_to_5.5.00,Bixby110dlg.cpp,Bixby110dlg.cpp,bixby110control::GetSelectedAltitude(),0,changed,0x00412D80,0x00414820,96,96,45e67665ff889a2ed2e67081a4440ebe266b4489f65e63921c979794d2345c8a,26ee1b4a821634f866646e5fe6b4820a8997f81a6eba4fb6479ed18f02fb3d97
5.0.21_to_5.5.00,Bixby110dlg.cpp,Bixby110dlg.cpp,bixby110control::GetSelectedFancurve(),0,changed,0x00412E80,0x00414920,80,80,23882ce4eb15ab2a87775804209a4afb1eefab0a1e83529a54e6b45e17726b62,3000a9653d41304bdaeec8a1fafdec318abd7bd8862f1daff14727df234eeedb
5.0.21_to_5.5.00,Bixby110dlg.cpp,Bixby110dlg.cpp,bixby110control::GetSelectedFeedwheel(),0,changed,0x00412ED0,0x00414970,80,80,128b5839e6974d6abad14e6f591a71006e222745d6dba9344fb806d307fe79db,2a238c6c0cd5566637fada45f49e587e0943e8af85ae89131975da4ad5823d1d
5.0.21_to_5.5.00,Bixby110dlg.cpp,Bixby110dlg.cpp,bixby110control::GetSelectedFueltypeA(),0,changed,0x00412DE0,0x00414880,80,80,6284da76fcff483eb1e38dcac9c57ec7c730ec8ca2c1891421b7a3fdf221f26c,19cf11a2bec44d5a05bcda276303a99352374efe60ecac31d467519b0dcdcb54
5.0.21_to_5.5.00,Bixby110dlg.cpp,Bixby110dlg.cpp,bixby110control::GetSelectedFueltypeB(),0,changed,0x00412E30,0x004148D0,80,80,3df4117bebafd64e3095a5d8e9c23505a5fa8d76b09a66696baf5b1d436173a1,6b6c5f35aa273a2c67ac3dfc927041ed394ab1573a8ebe60672a2e74193e908c
5.0.21_to_5.5.00,Bixby110dlg.cpp,Bixby110dlg.cpp,bixby110control::GetSelectedModel(),0,changed,0x00412D30,0x004147D0,80,80,41f153a4a4648fb09bf70c3cb2886c0fddcd21f23053629ff9dbc6b7950cf381,89fcb77b2d6ef1f4c6cee7a6d5f4f656a65f3348711be67415816ea1117254fd
5.0.21_to_5.5.00,,Bixby110dlg.cpp,bixby110control::HaveItsMemoryBanksErased(),0,added,,0x00417FB0,,112,,aedec127a74cb0f7d037835407701aaa467fa769147f0385938102a44510ec81
5.0.21_to_5.5.00,Bixby110dlg.cpp,Bixby110dlg.cpp,bixby110control::LoadReport(char*),0,changed,0x00413800,0x00415440,2304,2304,4447665f5e9772ded11c6aa47d4e44f842f4f3a0f47148e5cb2855cfa2100bc3,45bc8bb31dccf843724c4ea9b1f14b95cb855fce157040fc2a8bbeabd70e0363
5.0.21_to_5.5.00,Bixby110dlg.cpp,Bixby110dlg.cpp,bixby110control::WriteDataLogDescription(),0,changed,0x0040FC00,0x00411510,736,736,96e8cc2adede915daa7de4b509d715dbaa35da72cfc8273f6954ef6e9bc66d1d,91e5e4356889232177fb061739f9db16e26f9259021c8ceb6a316faa651fe8d6
5.0.21_to_5.5.00,Bixby110dlg.cpp,Bixby110dlg.cpp,bixby110control::WriteDataLogLine(),0,changed,0x0040FAA0,0x004113B0,352,352,bcbb8aa6f0f0f7aa20d89233cd84ce6b150d4ca184eeea14b012f8670d447679,de5dc3b060d64ea1dd20cac2245c8f58b687cf578aa3465f0c3d95f770c5aec4
5.0.21_to_5.5.00,Bixby110dlg.cpp,Bixby110dlg.cpp,bixby110control::WriteDataLogTimeDate(),0,changed,0x0040F9E0,0x00411280,192,192,2da9a745ba6f1232eb93ac23b1e31610b5c3fa0bb5773f1ddad1fdf6250b13ea,9d5361a8c63f0f6285e47564f6411ba27684d19768caa4ee0f6cfbadb116170f
5.0.21_to_5.5.00,Bixby110dlg.cpp,Bixby110dlg.cpp,bixby110control::bixby110control(),0,changed,0x00409AD0,0x0040A330,6016,6192,4974f2f9ee21fe6677b3bf847149c7c054ee4022d523fcb5687479c0e2335f89,14d62978bc1dcfa5792f83475e623e6509bfb1ef224ca5608631139a59ed3dbd
5.0.21_to_5.5.00,Bixby110dlg.cpp,Bixby110dlg.cpp,bixby110control::bixby110control(),1,changed,0x0040B250,0x0040BB60,6016,6192,628814eef93b5abdcbb91b845fbaf6111701074d8fb543436a3cbead5f62f9e6,d258548cd4621d1c6a2957dda44988359b7e7dfe25044d1b07f32db7ceb98466
5.0.21_to_5.5.00,,Bixby110dlg.cpp,"bixby110control::writeln(void*, char*)",0,added,,0x0040F830,,64,,540e284d78f3f8680248962074b80a33e838918cef7fd3648001daf285acce0c
5.0.21_to_5.5.00,Bixby110dlg.cpp,Bixby110dlg.cpp,bixby110control::~bixby110control(),0,changed,0x0040C9D0,0x0040D390,4608,4688,ed79e73769969a1f46059c52c019acdfb93f5bb38fd97c420dc682b31ef52cff,c179a91981b42610ba35c6ea3c507403a97556325025619bdf23b86535e23594
5.0.21_to_5.5.00,Bixby110dlg.cpp,Bixby110dlg.cpp,bixby110control::~bixby110control(),1,changed,0x0040DBD0,0x0040E5E0,4608,4688,ed79e73769969a1f46059c52c019acdfb93f5bb38fd97c420dc682b31ef52cff,c179a91981b42610ba35c6ea3c507403a97556325025619bdf23b86535e23594
5.0.21_to_5.5.00,Bixby110Downloader.cpp,Bixby110Downloader.cpp,bixby110downloader::AttemptStoveReset(),0,same_normalized,0x0041BF40,0x0041EC90,64,64,010bff78b3d85412fb8e711c08e67b56e28161ad12b06ae68ee1595b2b071048,010bff78b3d85412fb8e711c08e67b56e28161ad12b06ae68ee1595b2b071048
5.0.21_to_5.5.00,Bixby110Downloader.cpp,,"bixby110downloader::Bixby110Downloader(HINSTANCE__*, int, char*)",0,removed,0x0041D160,,4640,,98b34829632c7c8f1da2742628e7bbd9a1a522fa7fcd04f06295cab9dbad0e53,
5.0.21_to_5.5.00,,Bixby110Downloader.cpp,"bixby110downloader::Bixby110Downloader(HINSTANCE__*, int, char*, unsigned char)",0,added,,0x0041FEB0,,4928,,a862b1d20ae9884bed0f4fc6b964a6994815deaab0166b9e78b130d76908beb3
5.0.21_to_5.5.00,Bixby110Downloader.cpp,Bixby110Downloader.cpp,bixby110downloader::DownLoad(),0,same_normalized,0x0041CB30,0x0041F880,1280,1280,215882463ae79b117c91d9428f3a5168d0deea97a01145d2af5ff54d46ffa9a2,215882463ae79b117c91d9428f3a5168d0deea97a01145d2af5ff54d46ffa9a2
5.0.21_to_5.5.00,Bixby110Downloader.cpp,Bixby110Downloader.cpp,bixby110downloader::GetStoveVersion(),0,same_normalized,0x0041BD20,0x0041EA70,544,544,83e1b4b3d9928eb70468a73e7058a3cfb38b6313f916c897572884a38b465416,83e1b4b3d9928eb70468a73e7058a3cfb38b6313f916c897572884a38b465416
5.0.21_to_5.5.00,Bixby110Downloader.cpp,Bixby110Downloader.cpp,bixby110downloader::Identify(),0,same_normalized,0x0041D030,0x0041FD80,304,304,83631dbe1d228ebef071e62153444a35b73a276652d0325331b61227ed7ee2ad,83631dbe1d228ebef071e62153444a35b73a276652d0325331b61227ed7ee2ad
5.0.21_to_5.5.00,Bixby110Downloader.cpp,Bixby110Downloader.cpp,bixby110downloader::LoadHex(char*),0,same_normalized,0x0041C4C0,0x0041F210,1648,1648,9f1f110e4a90de5a2818859d0a5a1e1d1c797e7165c4baac5f92e71d3ca117c4,9f1f110e4a90de5a2818859d0a5a1e1d1c797e7165c4baac5f92e71d3ca117c4
5.0.21_to_5.5.00,Bixby110Downloader.cpp,Bixby110Downloader.cpp,bixby110downloader::LoadHex_Close(),0,same_normalized,0x0041C460,0x0041F1B0,96,96,f7f402c7e5e9a70b6f898b47d6a3d846df81289a40b7c0514c53a306cedfc429,f7f402c7e5e9a70b6f898b47d6a3d846df81289a40b7c0514c53a306cedfc429
5.0.21_to_5.5.00,Bixby110Downloader.cpp,Bixby110Downloader.cpp,bixby110downloader::LoadHex_Open(char*),0,same_normalized,0x0041C0E0,0x0041EE30,496,496,fb90cfd07aa4491a7916709c793efb24501e27e750e12b03edccb3b64284b7c5,fb90cfd07aa4491a7916709c793efb24501e27e750e12b03edccb3b64284b7c5
5.0.21_to_5.5.00,Bixby110Downloader.cpp,Bixby110Downloader.cpp,bixby110downloader::LoadHex_Read(),0,same_normalized,0x0041C2D0,0x0041F020,400,400,3e072fa192a4ee3fdb66ebbb779f178b97a29c3fcfbbd8767980e132a8048f8c,3e072fa192a4ee3fdb66ebbb779f178b97a29c3fcfbbd8767980e132a8048f8c
5.0.21_to_5.5.00,Bixby110Downloader.cpp,Bixby110Downloader.cpp,bixby110downloader::SendDone(),0,same_normalized,0x0041BF80,0x0041ECD0,160,160,5f4c0b22ebde7b1defd9ea351f440199194c31d610e4c8672121f1816b7eb535,5f4c0b22ebde7b1defd9ea351f440199194c31d610e4c8672121f1816b7eb535
5.0.21_to_5.5.00,Bixby110Downloader.cpp,Bixby110Downloader.cpp,bixby110downloader::StatusMessage(char*),0,same_normalized,0x0041C0C0,0x0041EE10,32,32,3ca3637ced4859f9bfc6f3dc511ed5164e36e2e307de427dcb3cf3dfa9def41c,3ca3637ced4859f9bfc6f3dc511ed5164e36e2e307de427dcb3cf3dfa9def41c
5.0.21_to_5.5.00,Bixby110Downloader.cpp,Bixby110Downloader.cpp,bixby110downloader::bixby110downloader(),0,same_normalized,0x00419AE0,0x0041C830,2272,2272,c03a01cf0a76fd1fbf5bdd577376a5d92f712dffb1c53eac4193298bc1fcf486,c03a01cf0a76fd1fbf5bdd577376a5d92f712dffb1c53eac4193298bc1fcf486
5.0.21_to_5.5.00,Bixby110Downloader.cpp,Bixby110Downloader.cpp,bixby110downloader::bixby110downloader(),1,same_normalized,0x0041A3C0,0x0041D110,2272,2272,c03a01cf0a76fd1fbf5bdd577376a5d92f712dffb1c53eac4193298bc1fcf486,c03a01cf0a76fd1fbf5bdd577376a5d92f712dffb1c53eac4193298bc1fcf486
5.0.21_to_5.5.00,Bixby110Downloader.cpp,Bixby110Downloader.cpp,bixby110downloader::g2x(char*),0,same_normalized,0x0041BA80,0x0041E7D0,144,144,22979bb2702e54311a59e69f168e4cf282b2a30dd40fd5978c1145164ae80447,22979bb2702e54311a59e69f168e4cf282b2a30dd40fd5978c1145164ae80447
5.0.21_to_5.5.00,Bixby110Downloader.cpp,Bixby110Downloader.cpp,bixby110downloader::g4x(char*),0,same_normalized,0x0041BB10,0x0041E860,320,320,dc7c1249900394eb58b90941c1dff8cd013f63a143ca88e516702bf00c83ed15,dc7c1249900394eb58b90941c1dff8cd013f63a143ca88e516702bf00c83ed15
5.0.21_to_5.5.00,Bixby110Downloader.cpp,Bixby110Downloader.cpp,bixby110downloader::getbyte(unsigned char*),0,same_normalized,0x0041BCA0,0x0041E9F0,80,80,2c21401f197131846a1571e11cf64133fe06f8d674ed0fbcdb3161c8145c82f5,2c21401f197131846a1571e11cf64133fe06f8d674ed0fbcdb3161c8145c82f5
5.0.21_to_5.5.00,Bixby110Downloader.cpp,Bixby110Downloader.cpp,"bixby110downloader::getbyte(unsigned char, unsigned char*)",0,same_normalized,0x0041BC50,0x0041E9A0,80,80,6f6463e2823deb44614cd268dc49dd77e34b13fd04fbaea708d30a3653bc1f04,6f6463e2823deb44614cd268dc49dd77e34b13fd04fbaea708d30a3653bc1f04
5.0.21_to_5.5.00,Bixby110Downloader.cpp,Bixby110Downloader.cpp,bixby110downloader::gx(char),0,same_normalized,0x0041BA40,0x0041E790,64,64,80372ed0b720abc18885fdbea898ea6a25555ef534d03326ddfdff4376f6cc24,80372ed0b720abc18885fdbea898ea6a25555ef534d03326ddfdff4376f6cc24
5.0.21_to_5.5.00,Bixby110Downloader.cpp,Bixby110Downloader.cpp,bixby110downloader::sendbyte(char),0,same_normalized,0x0041BCF0,0x0041EA40,48,48,9330dd5c6b79d1871a78cd0466bcb2cd0ff5001096937d4302d91c10bea5dc89,9330dd5c6b79d1871a78cd0466bcb2cd0ff5001096937d4302d91c10bea5dc89
5.0.21_to_5.5.00,Bixby110Downloader.cpp,Bixby110Downloader.cpp,bixby110downloader::~bixby110downloader(),0,same_normalized,0x0041ACA0,0x0041D9F0,1744,1744,04866ccb1226323cd3999fda9ea4ca289bf4c6958015d21a645561cb958d35ee,04866ccb1226323cd3999fda9ea4ca289bf4c6958015d21a645561cb958d35ee
5.0.21_to_5.5.00,Bixby110Downloader.cpp,Bixby110Downloader.cpp,bixby110downloader::~bixby110downloader(),1,same_normalized,0x0041B370,0x0041E0C0,1744,1744,04866ccb1226323cd3999fda9ea4ca289bf4c6958015d21a645561cb958d35ee,04866ccb1226323cd3999fda9ea4ca289bf4c6958015d21a645561cb958d35ee
5.0.21_to_5.5.00,Bixby110DataElements.cpp,Bixby110DataElements.cpp,bixby110io::CalculateChecksum(unsigned char),0,changed,0x004098E0,0x0040A010,128,432,16e9af4e9d1ca3f5ad3dedb10efa0179bf2db3c71cf80015ae9532239d945fc4,4c648c9c46c895edbd88b14dd61b254c4ff6dfcabeff7c1198407f3822469fc4
5.0.21_to_5.5.00,Bixby110DataElements.cpp,Bixby110DataElements.cpp,bixby110io::CollectResponse(),0,changed,0x00408FA0,0x00409690,80,96,e6a508e0fb89b38ec67aece668dadd5dae2f9aa72af7634f9f75974e06404420,fd6e9eba4e5591cd191a83928ff483e0acfd1b80f8952a951588bd6f5cc6b608
5.0.21_to_5.5.00,,Bixby110DataElements.cpp,bixby110io::CollectResponse(unsigned char*),0,added,,0x00409640,,80,,b448c1fa9746c13eec89b3bd5c99649171c384cbd6da282ed5cf6f89b39664e3
5.0.21_to_5.5.00,Bixby110DataElements.cpp,Bixby110DataElements.cpp,"bixby110io::GetEEPROMContents(HWND__*, char)",0,changed,0x00408FF0,0x004096F0,1424,1472,d366221453f0e3a96f7c8cdc5352c9ef52e2c1f7d35104f87d10aa83799508e4,a767806fd3aaa577ac8d40d1f32df0500d5beb81ed570fa94da4366f7c902583
5.0.21_to_5.5.00,Bixby110DataElements.cpp,Bixby110DataElements.cpp,bixby110io::bixby110io(),0,changed,0x004083F0,0x00408730,16,48,cc8a85c95ad6254df2d124300dda6c15cbac59bcce0b9cbaa80ee39911cd127e,6acc95737244cf4a919c9f2b7b7691148a78113c956aca66191ef7ba299d4c0f
5.0.21_to_5.5.00,Bixby110DataElements.cpp,Bixby110DataElements.cpp,bixby110io::bixby110io(),1,changed,0x00408400,0x00408760,16,48,cc8a85c95ad6254df2d124300dda6c15cbac59bcce0b9cbaa80ee39911cd127e,6acc95737244cf4a919c9f2b7b7691148a78113c956aca66191ef7ba299d4c0f
5.0.21_to_5.5.00,Bixby110DataElements.cpp,Bixby110DataElements.cpp,bixby110io::flush_buffer(),0,same_normalized,0x004085A0,0x004089C0,32,32,629500ec78a2ed5d781d0a52109064d72431985190215ce7e90bfaee7306ccee,629500ec78a2ed5d781d0a52109064d72431985190215ce7e90bfaee7306ccee
5.0.21_to_5.5.00,Bixby110DataElements.cpp,Bixby110DataElements.cpp,bixby110io::freers232port(),0,same_normalized,0x00408520,0x00408940,32,32,6724ecdd66cc74f8b68633cd5ae2601162cab324ca420cca4bc8705ea5062a2f,6724ecdd66cc74f8b68633cd5ae2601162cab324ca420cca4bc8705ea5062a2f
5.0.21_to_5.5.00,Bixby110DataElements.cpp,Bixby110DataElements.cpp,bixby110io::getCMDbuf(unsigned char),0,same_normalized,0x00408F40,0x004095E0,32,32,26e8a66b692486ffd9d93c322b7c2407e4dc7c8afeb8f96d1008d9f88b515fec,26e8a66b692486ffd9d93c322b7c2407e4dc7c8afeb8f96d1008d9f88b515fec
5.0.21_to_5.5.00,Bixby110DataElements.cpp,Bixby110DataElements.cpp,"bixby110io::getCmdData(unsigned char, char*)",0,changed,0x00409730,0x00409E60,272,272,29cec252196f749b88e18d6b1d2378fa60ca196b4cb5c3bee8c56002189beb62,3590a9ff8727aab96ada42da1f811ae809df006660364f28850716f83849e0ea
5.0.21_to_5.5.00,Bixby110DataElements.cpp,Bixby110DataElements.cpp,bixby110io::getTelBuf(unsigned char),0,same_normalized,0x00408F80,0x00409620,32,32,e15b8ae36b7c50b07d7e08a73f4a76a7b8085867d6e2e8cf79682131124f47cc,e15b8ae36b7c50b07d7e08a73f4a76a7b8085867d6e2e8cf79682131124f47cc
5.0.21_to_5.5.00,Bixby110DataElements.cpp,Bixby110DataElements.cpp,"bixby110io::getUnit0Data(unsigned char, char*)",0,changed,0x00409580,0x00409CB0,432,432,17bcb5c98cdf09d88733f1ff08337f4f531f0c32351e4eb0c98a88fc31358573,b41b5de58aeb829a93cfd52d6cebc6c4d15199b3745a7270dca35ea4fc21af1f
5.0.21_to_5.5.00,Bixby110DataElements.cpp,,bixby110io::getrs232port(unsigned char),0,removed,0x00408430,,240,,570f24024364e03617217044413716b76c5845c9f543b1b567bc7e6c6c1a299b,
5.0.21_to_5.5.00,,Bixby110DataElements.cpp,"bixby110io::getrs232port(unsigned char, unsigned char)",0,added,,0x004087B0,,400,,91b270d577e2034b7bd130be286e8fe3142bca965a69fa18b1cbf170d676274a
5.0.21_to_5.5.00,Bixby110DataElements.cpp,Bixby110DataElements.cpp,bixby110io::getrs232portstatus(),0,same_normalized,0x00408540,0x00408960,32,32,6091cd814b90ad8d17faf872abc44d3c88cada67ff75b6bf9031cf6f74913974,6091cd814b90ad8d17faf872abc44d3c88cada67ff75b6bf9031cf6f74913974
5.0.21_to_5.5.00,Bixby110DataElements.cpp,Bixby110DataElements.cpp,bixby110io::read_char(),0,same_normalized,0x00409880,0x00409FB0,48,48,be77f7a2784f8bad2bfb0443fde907b17caf180bbcf33c8a8ae85046fc85901b,be77f7a2784f8bad2bfb0443fde907b17caf180bbcf33c8a8ae85046fc85901b
5.0.21_to_5.5.00,Bixby110DataElements.cpp,Bixby110DataElements.cpp,"bixby110io::readreg(unsigned char, unsigned char)",0,changed,0x00408ED0,0x00409570,112,112,fb8b62182e9a48029bd8562a699cf4fd133a330a4d91726639b3b4395f061912,a0990113fcc804663d513701891879f4bece2fffe7c5da3d8d72bd555472f59f
5.0.21_to_5.5.00,Bixby110DataElements.cpp,Bixby110DataElements.cpp,"bixby110io::regio(unsigned char, unsigned char, unsigned char, unsigned char)",0,same_normalized,0x00408D50,0x004093F0,320,320,ff4f2fc77295ce3059aa47359ceea4cd6f0f8bfea1f78c942900b76eed9fc13c,ff4f2fc77295ce3059aa47359ceea4cd6f0f8bfea1f78c942900b76eed9fc13c
5.0.21_to_5.5.00,Bixby110DataElements.cpp,Bixby110DataElements.cpp,bixby110io::scanio(unsigned char*),0,changed,0x004085C0,0x004089E0,1936,2576,334574b85ad5e92a4696276fb8fbaf00ede51d65acb3edcd2079e3219d83da23,c7de688c984439e589afa8b6be6cdbc09ced6270b0f154f93ad95869b1f0cc07
5.0.21_to_5.5.00,Bixby110DataElements.cpp,Bixby110DataElements.cpp,bixby110io::sendcommand(char*),0,same_normalized,0x00408560,0x00408980,64,64,03cc99747e7cc41bdeb8d73b336ee7e78ea4388d8bc145a5cf0e80b386e228b1,03cc99747e7cc41bdeb8d73b336ee7e78ea4388d8bc145a5cf0e80b386e228b1
5.0.21_to_5.5.00,Bixby110DataElements.cpp,Bixby110DataElements.cpp,"bixby110io::setCMDbuf(unsigned char, unsigned char)",0,same_normalized,0x00408F60,0x00409600,32,32,4099cb6a5aa4bc2e6b705b53a86e1990846b63b60aa5184f66a223b2915b8ebe,4099cb6a5aa4bc2e6b705b53a86e1990846b63b60aa5184f66a223b2915b8ebe
5.0.21_to_5.5.00,Bixby110DataElements.cpp,Bixby110DataElements.cpp,bixby110io::status_read_char(unsigned char*),0,same_normalized,0x004098B0,0x00409FE0,48,48,dfd0d2c95ce801424fb5b4e2381aea4ba5deb46ca347a77b28b7b261b0cd508c,dfd0d2c95ce801424fb5b4e2381aea4ba5deb46ca347a77b28b7b261b0cd508c
5.0.21_to_5.5.00,Bixby110DataElements.cpp,Bixby110DataElements.cpp,bixby110io::write_char(char),0,same_normalized,0x00409840,0x00409F70,64,64,e2871aa65be4d5a0234f143123cd4bd3a7b3a6cae86497512b1d1a63c465e08a,e2871aa65be4d5a0234f143123cd4bd3a7b3a6cae86497512b1d1a63c465e08a
5.0.21_to_5.5.00,Bixby110DataElements.cpp,Bixby110DataElements.cpp,"bixby110io::writereg(unsigned char, unsigned char, unsigned char)",0,same_normalized,0x00408E90,0x00409530,64,64,19fe0bc46a3efba625ed65cb67e2899200c5e7afe56863cff05c548c951c63a5,19fe0bc46a3efba625ed65cb67e2899200c5e7afe56863cff05c548c951c63a5
5.0.21_to_5.5.00,Bixby110DataElements.cpp,Bixby110DataElements.cpp,bixby110io::~bixby110io(),0,same_normalized,0x00408410,0x00408790,16,16,1958fcd7cbfcc214f3ced41de9f36b355dbc5bd71b16a50b007d398d5a987f0e,1958fcd7cbfcc214f3ced41de9f36b355dbc5bd71b16a50b007d398d5a987f0e
5.0.21_to_5.5.00,Bixby110DataElements.cpp,Bixby110DataElements.cpp,bixby110io::~bixby110io(),1,same_normalized,0x00408420,0x004087A0,16,16,1958fcd7cbfcc214f3ced41de9f36b355dbc5bd71b16a50b007d398d5a987f0e,1958fcd7cbfcc214f3ced41de9f36b355dbc5bd71b16a50b007d398d5a987f0e
5.0.21_to_5.5.00,Bixby110DataElements.cpp,Bixby110DataElements.cpp,global constructors keyed to Bixby110TelemetryData,0,same_normalized,0x00409AA0,0x0040A300,32,32,fb6380c3769fe354f2d3a491b33dae6014618747c2e1206e75e5e3ebffd0db08,fb6380c3769fe354f2d3a491b33dae6014618747c2e1206e75e5e3ebffd0db08
5.0.21_to_5.5.00,main.cpp,main.cpp,global constructors keyed to szClassName,0,changed,0x00427420,0x0042A400,1168,1680,30ed796b2eefc1abb7abb1474e79062b3d782d18b9e8e2c120b3bdadc7a19807,3676ae140f6cd478c7d70dba604427929dad6ed29c6a8d261f60c14b4c3186c7
5.0.21_to_5.5.00,Bixby110DataElements.cpp,Bixby110DataElements.cpp,global destructors keyed to Bixby110TelemetryData,0,same_normalized,0x00409AC0,0x0040A320,16,16,6f5b5a16f6da5c61d28a0531ffdbf0eaac9ec8624913b7ecfde657edddd98e2e,6f5b5a16f6da5c61d28a0531ffdbf0eaac9ec8624913b7ecfde657edddd98e2e
5.0.21_to_5.5.00,Bixby110DataElements.cpp,Bixby110DataElements.cpp,hexnibtoval(char),0,same_normalized,0x00407BD0,0x00407DD0,64,64,6c568b247840d9a1e8b3b80cf7fcd775dcd92124ece6cab81b1855aba5c740f9,6c568b247840d9a1e8b3b80cf7fcd775dcd92124ece6cab81b1855aba5c740f9
5.0.21_to_5.5.00,Bixby110DataElements.cpp,Bixby110DataElements.cpp,"hextoval(char, char)",0,same_normalized,0x00407C10,0x00407E10,112,112,6dbac5a70de5bec6bdba7fde2d87d5a007f58a9666e7e509b2a66a7364be8b66,6dbac5a70de5bec6bdba7fde2d87d5a007f58a9666e7e509b2a66a7364be8b66
5.0.21_to_5.5.00,Bixby110DataElements.cpp,Bixby110DataElements.cpp,highhexnib(unsigned char),0,same_normalized,0x00407C80,0x00407E80,32,32,fa7c8a41e85d0cf26daf92965531b26da0260031047522eff774c5b00b198497,fa7c8a41e85d0cf26daf92965531b26da0260031047522eff774c5b00b198497
5.0.21_to_5.5.00,Bixby110DataElements.cpp,Bixby110DataElements.cpp,lowhexnib(unsigned char),0,same_normalized,0x00407CA0,0x00407EA0,32,32,0279473eacb523f67742930696c3652d1d04020318256594c43bce8d532c1dc9,0279473eacb523f67742930696c3652d1d04020318256594c43bce8d532c1dc9
5.0.21_to_5.5.00,Bixby110DataElements.cpp,Bixby110DataElements.cpp,"strchrsearch(char*, char*)",0,same_normalized,0x00407DD0,0x00407FD0,112,112,52bd715c80e1d8ff7e3b6ec880cf5be83b5f99e425efd8c7aeb7cf3fb0d603b3,52bd715c80e1d8ff7e3b6ec880cf5be83b5f99e425efd8c7aeb7cf3fb0d603b3
5.0.21_to_5.5.00,Bixby110DataElements.cpp,Bixby110DataElements.cpp,"strsearch(char*, char*)",0,same_normalized,0x00407CC0,0x00407EC0,128,128,59ff38accedb2c3fdd460938604d059a5595589bfdffd088915ed7a9a861c13a,59ff38accedb2c3fdd460938604d059a5595589bfdffd088915ed7a9a861c13a
5.0.21_to_5.5.00,Bixby110DataElements.cpp,Bixby110DataElements.cpp,"strsearchtail(char*, char*)",0,same_normalized,0x00407D40,0x00407F40,144,144,7587cd960560d65d9aa79cb416d18b1296c355e70859ac1f593bda3d83356fe6,7587cd960560d65d9aa79cb416d18b1296c355e70859ac1f593bda3d83356fe6
5.5.00_to_5.5.01,Bixby110DataElements.cpp,Bixby110DataElements.cpp,CalibrateMicrosecondTimer(HWND__*),0,same_normalized,0x00408140,0x00408140,160,160,95b08e77d22c35453257f9734fa4973967b6913896412100d77d8c4b5653b6c9,95b08e77d22c35453257f9734fa4973967b6913896412100d77d8c4b5653b6c9
5.5.00_to_5.5.01,Bixby110DataElements.cpp,Bixby110DataElements.cpp,CalibrateMicrosecondTimer_6E030(HWND__*),0,same_normalized,0x00408230,0x00408230,160,160,788fbbec485a41353982f756760cde7d6baab4ac6f01083b8bd8a24f671b3068,788fbbec485a41353982f756760cde7d6baab4ac6f01083b8bd8a24f671b3068
5.5.00_to_5.5.01,Bixby110DataElements.cpp,Bixby110DataElements.cpp,CloseDebugWindow(),0,same_normalized,0x00407D10,0x00407D10,96,96,8275fed5474b3066ddb785d16572c165198e261caae1b69cefabe39fa5ce18fb,8275fed5474b3066ddb785d16572c165198e261caae1b69cefabe39fa5ce18fb
5.5.00_to_5.5.01,Bixby110DataElements.cpp,Bixby110DataElements.cpp,DelayMicrosecond(unsigned int),0,same_normalized,0x00408100,0x00408100,64,64,54bac773aeadb030f4a059dda23acf443e63f2378384631b75052749e7b46b69,54bac773aeadb030f4a059dda23acf443e63f2378384631b75052749e7b46b69
5.5.00_to_5.5.01,Bixby110DataElements.cpp,Bixby110DataElements.cpp,DelayMicrosecond_6E030(unsigned int),0,same_normalized,0x004081E0,0x004081E0,80,80,c67a17a7fcaacd32afa3577883f580f9374d66f680b91f1a409e5fe614677e65,c67a17a7fcaacd32afa3577883f580f9374d66f680b91f1a409e5fe614677e65
5.5.00_to_5.5.01,Bixby110DataElements.cpp,Bixby110DataElements.cpp,"FormatTime(_SYSTEMTIME*, char*)",0,same_normalized,0x004082D0,0x004082D0,496,496,b1b5f214bb29a3e3ef4a43d001070aefe0c9a8afdde8291678122b3cffe258e2,b1b5f214bb29a3e3ef4a43d001070aefe0c9a8afdde8291678122b3cffe258e2
5.5.00_to_5.5.01,main.cpp,main.cpp,GetComPort(),0,same_normalized,0x004292A0,0x00429660,64,64,92e145e74687f40e5b55e1a64626e906f89859e9445abadf64c59f115b60e4a0,92e145e74687f40e5b55e1a64626e906f89859e9445abadf64c59f115b60e4a0
5.5.00_to_5.5.01,Bixby110DataElements.cpp,Bixby110DataElements.cpp,"GetCompressedDate(_SYSTEMTIME*, char*)",0,same_normalized,0x004084C0,0x004084C0,64,64,8829aae014a695dff084aeee8c02c1c354c66e2d7332592e91da2ed097d550ae,8829aae014a695dff084aeee8c02c1c354c66e2d7332592e91da2ed097d550ae
5.5.00_to_5.5.01,main.cpp,main.cpp,"GetTextExtentCharSum(HDC__*, char const*, int, tagSIZE*)",0,same_normalized,0x004292E0,0x004296A0,112,112,4a6dd3aebe0acf58cdeab70cb18b4d87cf4adc708fcfe03a54931bd28b5ab53c,4a6dd3aebe0acf58cdeab70cb18b4d87cf4adc708fcfe03a54931bd28b5ab53c
5.5.00_to_5.5.01,Bixby110DataElements.cpp,Bixby110DataElements.cpp,"ISBeep(unsigned long, unsigned long)",0,same_normalized,0x00407AE0,0x00407AE0,48,48,56bc1371428508752121109c9743a53d3d7d7a4fb7ba50b94fb1b00a33582f0e,56bc1371428508752121109c9743a53d3d7d7a4fb7ba50b94fb1b00a33582f0e
5.5.00_to_5.5.01,Bixby110DataElements.cpp,Bixby110DataElements.cpp,"PercentageToStoveMultiplyParameter(unsigned char, unsigned char)",0,same_normalized,0x00407A20,0x00407A20,192,192,6af9d8d40b0b261c0e79230642fdc75c5a7b60c7b5b6ee8ad3fd870fb151c464,6af9d8d40b0b261c0e79230642fdc75c5a7b60c7b5b6ee8ad3fd870fb151c464
5.5.00_to_5.5.01,Bixby110DataElements.cpp,Bixby110DataElements.cpp,"RangeCheckAssumingValidEntry(_BXDataElement_*, char*)",0,same_normalized,0x004086E0,0x004086E0,80,80,af8c378d7ae244eec30f4b686af284b772a903b50cce3943b3a13ecb1b81e861,af8c378d7ae244eec30f4b686af284b772a903b50cce3943b3a13ecb1b81e861
5.5.00_to_5.5.01,Bixby110Downloader.cpp,Bixby110Downloader.cpp,"ReadFile_fgets(char*, int, void*)",0,same_normalized,0x0041ED70,0x0041F130,160,160,756bd78445db9a9f62737474720935dbf79143abd5aba2039c353443ea17a03d,756bd78445db9a9f62737474720935dbf79143abd5aba2039c353443ea17a03d
5.5.00_to_5.5.01,main.cpp,main.cpp,Redraw(),0,same_normalized,0x00429290,0x00429650,16,16,e45140c1c067de5bd3d61622fb5ed7a4654f3163693b3ee22bd153b085a2ab3b,e45140c1c067de5bd3d61622fb5ed7a4654f3163693b3ee22bd153b085a2ab3b
5.5.00_to_5.5.01,Bixby110DataElements.cpp,Bixby110DataElements.cpp,"SetupDebugWindow(HWND__*, HINSTANCE__*)",0,same_normalized,0x00407B10,0x00407B10,512,512,fe55a61f1d251a0587b5fce16c833639984e38919217d6b71d20eaee1824bee9,fe55a61f1d251a0587b5fce16c833639984e38919217d6b71d20eaee1824bee9
5.5.00_to_5.5.01,Bixby110DataElements.cpp,Bixby110DataElements.cpp,ShowDebugWindow(),0,same_normalized,0x00407D70,0x00407D70,96,96,69671cf8e55557760fe1a1f20f7bbafad2927ea463d954d7b74eb325a8a6e680,69671cf8e55557760fe1a1f20f7bbafad2927ea463d954d7b74eb325a8a6e680
5.5.00_to_5.5.01,Bixby110DataElements.cpp,Bixby110DataElements.cpp,"StoveMultiplyParameterToPercentage(unsigned char, unsigned char)",0,same_normalized,0x00407970,0x00407970,176,176,bd28a1d470b85dfe9756145a133f11d5e5d0e646c5240790a6a9e378c1360786,bd28a1d470b85dfe9756145a133f11d5e5d0e646c5240790a6a9e378c1360786
5.5.00_to_5.5.01,Bixby110DataElements.cpp,Bixby110DataElements.cpp,TextBased_0_255_RangeCheck(char*),0,same_normalized,0x00408500,0x00408500,240,240,2c2deda2e667e9080ac7d9aed2f652782596fdda2be5edd5d740c0ea4869ba2b,2c2deda2e667e9080ac7d9aed2f652782596fdda2be5edd5d740c0ea4869ba2b
5.5.00_to_5.5.01,Bixby110DataElements.cpp,Bixby110DataElements.cpp,TextBased_m128_p127_RangeCheck(char*),0,same_normalized,0x004085F0,0x004085F0,240,240,1b956b8e391d07a00b4b9cbd517ea83d7b0f5a82a0770a292fc7b83f0980fe5c,1b956b8e391d07a00b4b9cbd517ea83d7b0f5a82a0770a292fc7b83f0980fe5c
5.5.00_to_5.5.01,Bixby110DataElements.cpp,Bixby110DataElements.cpp,"TimeDelay(HWND__*, unsigned int)",0,same_normalized,0x00408040,0x00408040,192,192,5a609ca9e410381282693a7b1905d11ece29833f83cf2ee8bf130ff17a93c5f9,5a609ca9e410381282693a7b1905d11ece29833f83cf2ee8bf130ff17a93c5f9
5.5.00_to_5.5.01,main.cpp,main.cpp,WinMain@16,0,changed,0x00429350,0x00429710,4016,4016,977ec7c2111f322fbad8f6b38cd2df0fe9dd7c5a0905994cd16fbcdf1258323a,f2f70184f6f0b2cbaa2bd000be80ca80e01e37ef43c38a743bca0de59e7200fa
5.5.00_to_5.5.01,main.cpp,main.cpp,"WindowProcedure(HWND__*, unsigned int, unsigned int, long)@16",0,same_normalized,0x0042A300,0x0042A6C0,256,256,4e5ac75cef3fe2ac1ed788bda0db9ea6703ea1d0b327759d5e78defc0c72e303,4e5ac75cef3fe2ac1ed788bda0db9ea6703ea1d0b327759d5e78defc0c72e303
5.5.00_to_5.5.01,Bixby110DataElements.cpp,Bixby110DataElements.cpp,"__static_initialization_and_destruction_0(int, int)",0,same_normalized,0x0040A1C0,0x0040A1C0,320,320,d6076843e488e0c152a505710049e2018909c675083e5d153e396c06cc9a6aee,d6076843e488e0c152a505710049e2018909c675083e5d153e396c06cc9a6aee
5.5.00_to_5.5.01,async.cpp,async.cpp,"async::async(int, long, long, int, int)",0,same_normalized,0x00401330,0x00401330,496,496,a9f5b7386459727f37f3b1020ae2218441baa6c289ad317cd221a858aa8faf98,a9f5b7386459727f37f3b1020ae2218441baa6c289ad317cd221a858aa8faf98
5.5.00_to_5.5.01,async.cpp,async.cpp,"async::async(int, long, long, int, int)",1,same_normalized,0x00401520,0x00401520,496,496,a9f5b7386459727f37f3b1020ae2218441baa6c289ad317cd221a858aa8faf98,a9f5b7386459727f37f3b1020ae2218441baa6c289ad317cd221a858aa8faf98
5.5.00_to_5.5.01,async.cpp,async.cpp,async::close(),0,same_normalized,0x00401790,0x00401790,48,48,71fe8d1732a08d5a649749868bc8ef5f61c6c46b11776b2118972de03da8c97d,71fe8d1732a08d5a649749868bc8ef5f61c6c46b11776b2118972de03da8c97d
5.5.00_to_5.5.01,async.cpp,async.cpp,async::flush_buffer(),0,same_normalized,0x004017C0,0x004017C0,48,48,9d61d2942724d27f6f2054ab69322b24a090b7b81428cd514b59145481011b38,9d61d2942724d27f6f2054ab69322b24a090b7b81428cd514b59145481011b38
5.5.00_to_5.5.01,async.cpp,async.cpp,async::get_read_string_buf_count(),0,same_normalized,0x00401A50,0x00401A50,16,16,86087ce727d4133db282c7ea05a1cda8ae26c5db349bc56ae75ce6b4785f1d99,86087ce727d4133db282c7ea05a1cda8ae26c5db349bc56ae75ce6b4785f1d99
5.5.00_to_5.5.01,async.cpp,async.cpp,async::read_char(char*),0,same_normalized,0x00401860,0x00401860,160,160,af0044713948b2e97b3456ed909d82906cb070d66c9f06cc8a3fd627859dc0c9,af0044713948b2e97b3456ed909d82906cb070d66c9f06cc8a3fd627859dc0c9
5.5.00_to_5.5.01,async.cpp,async.cpp,async::read_string(char*),0,same_normalized,0x00401900,0x00401900,336,336,f2620add75cbaa7c431457dcb25fb5b322ad20b7a5b1b1641e5e96b2c8ebb3c0,f2620add75cbaa7c431457dcb25fb5b322ad20b7a5b1b1641e5e96b2c8ebb3c0
5.5.00_to_5.5.01,async.cpp,async.cpp,async::set_timeout(long),0,same_normalized,0x004012E0,0x004012E0,80,80,6bf3f5e535c98f072530faf01588becf48c852f9a9305c119809d586586f5b10,6bf3f5e535c98f072530faf01588becf48c852f9a9305c119809d586586f5b10
5.5.00_to_5.5.01,async.cpp,async.cpp,"async::write(char*, int)",0,same_normalized,0x004017F0,0x004017F0,112,112,5a85f3ab347b7eece7d40650538a29da9454d713986b6d757aa12ade3363ba76,5a85f3ab347b7eece7d40650538a29da9454d713986b6d757aa12ade3363ba76
5.5.00_to_5.5.01,async.cpp,async.cpp,async::~async(),0,same_normalized,0x00401710,0x00401710,64,64,d1f3615b1ac1b8698b60280e314b60811c053a1c69ffeac4e4d4a8be77ac1be7,d1f3615b1ac1b8698b60280e314b60811c053a1c69ffeac4e4d4a8be77ac1be7
5.5.00_to_5.5.01,async.cpp,async.cpp,async::~async(),1,same_normalized,0x00401750,0x00401750,64,64,d1f3615b1ac1b8698b60280e314b60811c053a1c69ffeac4e4d4a8be77ac1be7,d1f3615b1ac1b8698b60280e314b60811c053a1c69ffeac4e4d4a8be77ac1be7
5.5.00_to_5.5.01,Bixby110chkdlg.cpp,Bixby110chkdlg.cpp,bixby110checkout::AnalyzeAutomaticResult(int),0,same_normalized,0x00403B50,0x00403B50,528,528,3261d8b0989ad7f5b064fc881eaf9b0302f50591308a4c369822e82aeef8df6d,3261d8b0989ad7f5b064fc881eaf9b0302f50591308a4c369822e82aeef8df6d
5.5.00_to_5.5.01,Bixby110chkdlg.cpp,Bixby110chkdlg.cpp,bixby110checkout::AnalyzeInteractiveResult(int),0,same_normalized,0x00403340,0x00403340,1296,1296,b9b830082cedc62f631d0325c4860a35b4d0782138029ddd22ce33631e41f50d,b9b830082cedc62f631d0325c4860a35b4d0782138029ddd22ce33631e41f50d
5.5.00_to_5.5.01,Bixby110chkdlg.cpp,Bixby110chkdlg.cpp,"bixby110checkout::Bixby110Checkout(HINSTANCE__*, int, unsigned char)",0,same_normalized,0x00406460,0x00406460,5392,5392,b3929322091f024c13a7593facec58c11ba4b5a89f4626f96c02024a09c8d3ae,b3929322091f024c13a7593facec58c11ba4b5a89f4626f96c02024a09c8d3ae
5.5.00_to_5.5.01,Bixby110chkdlg.cpp,Bixby110chkdlg.cpp,"bixby110checkout::Bixby110SetupCheckoutAutomaticTests(int, int, int, int)",0,same_normalized,0x00405FA0,0x00405FA0,416,416,9e34d91090bc3dc902ff8230c416f4639015a302d1472c1482c64e9aaf8b24b0,9e34d91090bc3dc902ff8230c416f4639015a302d1472c1482c64e9aaf8b24b0
5.5.00_to_5.5.01,Bixby110chkdlg.cpp,Bixby110chkdlg.cpp,"bixby110checkout::Bixby110SetupCheckoutIndividualizationData(int, int, int, int)",0,same_normalized,0x00406140,0x00406140,800,800,e37588da66ec51010a81c92c82a6c8fdbbb86a37aa9e4f85c7c7c76434d1c398,e37588da66ec51010a81c92c82a6c8fdbbb86a37aa9e4f85c7c7c76434d1c398
5.5.00_to_5.5.01,Bixby110chkdlg.cpp,Bixby110chkdlg.cpp,"bixby110checkout::Bixby110SetupCheckoutInteractiveTests(int, int, int, int)",0,same_normalized,0x00405D00,0x00405D00,672,672,b25d5c3b38a38280f22ee39aaf29b15f3acd6b731a73b2966b04c7e4bb25214e,b25d5c3b38a38280f22ee39aaf29b15f3acd6b731a73b2966b04c7e4bb25214e
5.5.00_to_5.5.01,Bixby110chkdlg.cpp,Bixby110chkdlg.cpp,bixby110checkout::Bixby110UpdateData(),0,same_normalized,0x00405880,0x00405880,1152,1152,0dd820d2164f710df607dd53dacacbf96b5d163b8acd4b475063e99d034a70ab,0dd820d2164f710df607dd53dacacbf96b5d163b8acd4b475063e99d034a70ab
5.5.00_to_5.5.01,Bixby110chkdlg.cpp,Bixby110chkdlg.cpp,bixby110checkout::ChkStop(),0,same_normalized,0x00403040,0x00403040,48,48,a2c31f10d4bbe7cbce7a6630b6347e861cddb55d425576014452eb0b104125b1,a2c31f10d4bbe7cbce7a6630b6347e861cddb55d425576014452eb0b104125b1
5.5.00_to_5.5.01,Bixby110chkdlg.cpp,Bixby110chkdlg.cpp,bixby110checkout::GenerateReport(),0,same_normalized,0x004044C0,0x004044C0,5056,5056,ea2d0e95c139e0f79712b916d1ec9ef10090c97598adb02812d43dc6a29c2c46,ea2d0e95c139e0f79712b916d1ec9ef10090c97598adb02812d43dc6a29c2c46
5.5.00_to_5.5.01,Bixby110chkdlg.cpp,Bixby110chkdlg.cpp,"bixby110checkout::IterativeRead(unsigned int, unsigned char, unsigned char)",0,same_normalized,0x00403950,0x00403950,224,224,9a04ef8815ad970a48d4c0c8f04180f99f49754045de634bbe43501e32f16b90,9a04ef8815ad970a48d4c0c8f04180f99f49754045de634bbe43501e32f16b90
5.5.00_to_5.5.01,Bixby110chkdlg.cpp,Bixby110chkdlg.cpp,"bixby110checkout::IterativeScan(unsigned int, unsigned char, unsigned int)",0,same_normalized,0x00403A30,0x00403A30,288,288,3fbab9f997a1975c124beaf4db3f7b5ad894448c522dba444df421622f23c54d,3fbab9f997a1975c124beaf4db3f7b5ad894448c522dba444df421622f23c54d
5.5.00_to_5.5.01,Bixby110chkdlg.cpp,Bixby110chkdlg.cpp,bixby110checkout::ReadAutomaticResult(int),0,same_normalized,0x00403D60,0x00403D60,1824,1824,1ccf5404c2d8cb56efd1fdbdb23daecc0675060f6c10a636dd5d586735f40e89,1ccf5404c2d8cb56efd1fdbdb23daecc0675060f6c10a636dd5d586735f40e89
5.5.00_to_5.5.01,Bixby110chkdlg.cpp,Bixby110chkdlg.cpp,bixby110checkout::ReadInteractiveResult(int),0,same_normalized,0x00403270,0x00403270,208,208,d1e035da65bc17b6a6a2fd6bf6232c47ee0efbf429ccc4132914866d6b32a980,d1e035da65bc17b6a6a2fd6bf6232c47ee0efbf429ccc4132914866d6b32a980
5.5.00_to_5.5.01,Bixby110chkdlg.cpp,Bixby110chkdlg.cpp,bixby110checkout::SendAutomaticAction(int),0,same_normalized,0x00403850,0x00403850,256,256,837efe3c5085efc4bfd7b504539c1bdf65db03e2df0172047a868f492a21dd20,837efe3c5085efc4bfd7b504539c1bdf65db03e2df0172047a868f492a21dd20
5.5.00_to_5.5.01,Bixby110chkdlg.cpp,Bixby110chkdlg.cpp,bixby110checkout::SendInteractiveAction(int),0,same_normalized,0x00403070,0x00403070,512,512,825eb6f8b5231107baf76402c3e014ba722061014029fdcf37a1900d289ed824,825eb6f8b5231107baf76402c3e014ba722061014029fdcf37a1900d289ed824
5.5.00_to_5.5.01,Bixby110chkdlg.cpp,Bixby110chkdlg.cpp,bixby110checkout::bixby110checkout(),0,same_normalized,0x00401A60,0x00401A60,1552,1552,824e3fe991c53cb348d82f7dedc564908deb7bed5b7ee3e73f4391327c6ea32e,824e3fe991c53cb348d82f7dedc564908deb7bed5b7ee3e73f4391327c6ea32e
5.5.00_to_5.5.01,Bixby110chkdlg.cpp,Bixby110chkdlg.cpp,bixby110checkout::bixby110checkout(),1,same_normalized,0x00402070,0x00402070,1552,1552,824e3fe991c53cb348d82f7dedc564908deb7bed5b7ee3e73f4391327c6ea32e,824e3fe991c53cb348d82f7dedc564908deb7bed5b7ee3e73f4391327c6ea32e
5.5.00_to_5.5.01,Bixby110chkdlg.cpp,Bixby110chkdlg.cpp,"bixby110checkout::writeln(void*, char*)",0,same_normalized,0x00404480,0x00404480,64,64,540e284d78f3f8680248962074b80a33e838918cef7fd3648001daf285acce0c,540e284d78f3f8680248962074b80a33e838918cef7fd3648001daf285acce0c
5.5.00_to_5.5.01,Bixby110chkdlg.cpp,Bixby110chkdlg.cpp,bixby110checkout::~bixby110checkout(),0,same_normalized,0x00402680,0x00402680,1248,1248,c787e9a70c4f63c0c79dc0a06a768be816ec1a2a395070ce0e3385d5a773d7be,c787e9a70c4f63c0c79dc0a06a768be816ec1a2a395070ce0e3385d5a773d7be
5.5.00_to_5.5.01,Bixby110chkdlg.cpp,Bixby110chkdlg.cpp,bixby110checkout::~bixby110checkout(),1,same_normalized,0x00402B60,0x00402B60,1248,1248,c787e9a70c4f63c0c79dc0a06a768be816ec1a2a395070ce0e3385d5a773d7be,c787e9a70c4f63c0c79dc0a06a768be816ec1a2a395070ce0e3385d5a773d7be
5.5.00_to_5.5.01,Bixby110dlg.cpp,Bixby110dlg.cpp,bixby110control::AppendDataLogLine(char*),0,changed,0x00411200,0x00411200,128,128,068b3a32ef142f680c3da3c7d02c2ba73270f2effd52456325f165e559fcc44b,260335036aceeef976770f2e703d14f8a31368ba650c0dffc643182d1130cfc5
5.5.00_to_5.5.01,Bixby110dlg.cpp,Bixby110dlg.cpp,"bixby110control::AppendDataLogLine(char*, unsigned char)",0,changed,0x00411190,0x00411190,112,112,1d78625fe12ad0e7ff29090e963192acf62a6b1e43d1aba68621216c4ca33403,4c7d6e5f43184201d835936b6d60283c7b9add3b48ad284ff029fc775a012663
5.5.00_to_5.5.01,Bixby110dlg.cpp,Bixby110dlg.cpp,"bixby110control::Bixby110Dialog(HINSTANCE__*, int, unsigned char, unsigned char)",0,changed,0x00418020,0x00418340,18448,18608,4eb1d2eccf8ce0de1ef62fa220114925cee6e1f70c7aea08305d46a9b98da1ad,1b23614c031dc4ad8808d83f45001d742dbaf7c685b11dc7a07df8737e06391d
5.5.00_to_5.5.01,Bixby110dlg.cpp,Bixby110dlg.cpp,"bixby110control::Bixby110DialogSetupButtons(int, int, int, int)",0,changed,0x00417A50,0x00417D70,768,768,02f8612e8098590104b5da7fbf54c13e731f5597c79b3b75ba3ff2b82c069c6e,b601d481a5d4f1b189b11655c8bbab1fa327610115898f80983a2bea5860feb6
5.5.00_to_5.5.01,Bixby110dlg.cpp,Bixby110dlg.cpp,"bixby110control::Bixby110DialogSetupDebug(int, int, int, int)",0,changed,0x00416790,0x00416AB0,832,832,c0e43ecaf5b36634ccc1dd0510eefd1814b6079956d877c7a192914778ed68f3,09bec2da4cc58fd54da5b662b7f29c4345ef3b81f77df656b547af2dd31fc862
5.5.00_to_5.5.01,Bixby110dlg.cpp,Bixby110dlg.cpp,"bixby110control::Bixby110DialogSetupFlueMonitor(int, int, int, int)",0,changed,0x00416AD0,0x00416DF0,992,992,ba53a1c2b95a8208aea3a14bd3d52f296d3a1fae038fac1b672867dcba7fc8f4,1e60ea623a4a7dea71149f2b5bb4c6bfd9127c0789bfa586e1aa1511db223240
5.5.00_to_5.5.01,Bixby110dlg.cpp,Bixby110dlg.cpp,"bixby110control::Bixby110DialogSetupFuelMonitor(HWND__*, int, int, int, int, int)",0,changed,0x00416EB0,0x004171D0,1504,1504,046f435ea72e093ce0dc942b8beb481814db48d649470e9a790d6561203b26b9,fcf73eba581eb5fdfb507ba3675de37fe31efeaa2ac304339393a792cc43f034
5.5.00_to_5.5.01,Bixby110dlg.cpp,Bixby110dlg.cpp,"bixby110control::Bixby110DialogSetupIndividualization(int, int, int, int)",0,changed,0x00415F50,0x00416270,912,912,6a06b9ece0b6868d5d8fa1b4922d94f328e52274582be04c6ac7a3fad734a343,09c34c5f071f17f5443c6ce7bcf5ceee0e0a13a3812290001c4a2acf00391ea1
5.5.00_to_5.5.01,Bixby110dlg.cpp,Bixby110dlg.cpp,"bixby110control::Bixby110DialogSetupPanel(int, int, int, int)",0,changed,0x00417D50,0x00418070,368,368,ed96f5b7fb86760cffed08a9a32fd8dccfc9c71ca3809dd3a7f7f6d000238760,768b4f623315352117fb067fced2a0684eab6f047743964f4c731856cd1bd007
5.5.00_to_5.5.01,Bixby110dlg.cpp,Bixby110dlg.cpp,"bixby110control::Bixby110DialogSetupQuickCal(int, int, int, int)",0,changed,0x004162E0,0x00416600,1200,1200,0dd64d3932d3c9eb99d2ebee9bfde8c9fb11f24af5b8f3bd2a1b6225be53ca53,ea108b5ae2d5da48a8c12dca335b7286e3c67852e98e7b6ee679383ef3aff082
5.5.00_to_5.5.01,Bixby110dlg.cpp,Bixby110dlg.cpp,"bixby110control::Bixby110DialogSetupTelemetry(int, int, int, int)",0,changed,0x00415D40,0x00416050,528,544,59619252f2f831f1802ec07f9e2b72b80e5d67d942b056abd278d77f47f0a869,659c0fdf7e2dbb5c8735536c107954eca02d441a2d7294604a7ec151fcda6aff
5.5.00_to_5.5.01,Bixby110dlg.cpp,Bixby110dlg.cpp,"bixby110control::Bixby110DialogSetupUtilityWindowButtons(int, int, int, int)",0,changed,0x00417EC0,0x004181E0,240,240,147a32d2768f4a390cfde46b4f79a21a59f256a6c5a10ddb611cbd3e2436bbb4,072cfed99844a62a4e3924522938434d2054db680c4de48815da6ed6e36ade9a
5.5.00_to_5.5.01,Bixby110dlg.cpp,Bixby110dlg.cpp,bixby110control::Bixby110DialogSetupUtilityWindows(),0,changed,0x00417490,0x004177B0,1472,1472,40376b82aea7ac0fb5937145fe5f6dd50d27890314969f6144b58e2d271dbacf,a7641791b3abdb1aa5a731a147e02f4aafa0cb37deeeca4e95c5c55cc586631a
5.5.00_to_5.5.01,Bixby110dlg.cpp,Bixby110dlg.cpp,"bixby110control::Bixby110Initialize(unsigned char, unsigned char)",0,changed,0x004152C0,0x004155D0,384,384,3e77fc86131f593721d81163b583c8b434a76651cf0d39b9e3eca8ac35482403,3f41777b27da5eb7515c2699a1771b122f0409ec354d4d2db5eb5b2e29b49115
5.5.00_to_5.5.01,Bixby110dlg.cpp,Bixby110dlg.cpp,bixby110control::Bixby110TuneAdjustments(unsigned char),0,changed,0x004149C0,0x00414C50,2304,2432,20d76a9ea4f7884b2fca6dae9f83b7b9eb6655495b9dd7040c105c9f3574ca37,5c67e9eadf637e1e81e2d9a3e281a127717610ae8570990e2d100a0629bca93f
5.5.00_to_5.5.01,Bixby110dlg.cpp,Bixby110dlg.cpp,"bixby110control::Bixby110UpdateData(char, unsigned char)",0,changed,0x004117F0,0x004118A0,11520,12000,2d72b296bab1c931f18b4d7cb82f0f1df1facfda3c9ff6f2c207b934ccb9c2c6,7d4d51e736798f5eaab8c46f542face5d6589c0ee6bc78c320fb64d5f76022c8
5.5.00_to_5.5.01,Bixby110dlg.cpp,Bixby110dlg.cpp,bixby110control::BixbyProcessHelpRequest(),0,changed,0x00410480,0x00410480,3344,3344,f772127e1f1423e44eabc75c4cc802ce8df46ae0e4cd4b7392ef32fd0d29f2e7,61474c213e9c57d2d6e04841a5ff61d0b0a52332f44f1e918bb60b29b399fbb2
5.5.00_to_5.5.01,Bixby110dlg.cpp,Bixby110dlg.cpp,"bixby110control::BixbyWriteRegister(unsigned char, unsigned char, unsigned char)",0,same_normalized,0x00414790,0x00414A20,64,64,455cd8438a95206c38dc6f7d2c8a067eacd32249566b42fc5b60b7bff13b8c70,455cd8438a95206c38dc6f7d2c8a067eacd32249566b42fc5b60b7bff13b8c70
5.5.00_to_5.5.01,Bixby110dlg.cpp,Bixby110dlg.cpp,"bixby110control::BixbyWriteRegister(unsigned char, unsigned char, unsigned char, unsigned char)",0,changed,0x004144F0,0x00414780,672,672,f9a28835c0f9f2a3c8f6f24e4105c75d911db7c44f18b423e0df849a5555c539,3128beb4c6dbbf302abc3e24f2c39c9cff67012f68ce7427039af5b12ce62b0e
5.5.00_to_5.5.01,Bixby110dlg.cpp,Bixby110dlg.cpp,bixby110control::DataLogLineAssemblePayload(),0,changed,0x00411340,0x00411340,112,112,9773858016ac2cf7c2bb92f8ca92c14aab3e90e9b9bb159effd1543239f4a237,920b72983291efc8253517f4ef6db3eba1c3027f127debafe09462164b29abd8
5.5.00_to_5.5.01,Bixby110dlg.cpp,Bixby110dlg.cpp,bixby110control::GenerateReport(char*),0,changed,0x0040F870,0x0040F870,3088,3088,e56a549c615c1b7cd5d3ff3dc1941b8d6e72c004eca68feee965c8ad36dae4ec,b1458d7b40d929d74c5233247ccdd1c8a8c3b28ad7490843d8d70d8f01875bf1
5.5.00_to_5.5.01,Bixby110dlg.cpp,Bixby110dlg.cpp,bixby110control::GetSelectedAltitude(),0,changed,0x00414820,0x00414AB0,96,96,26ee1b4a821634f866646e5fe6b4820a8997f81a6eba4fb6479ed18f02fb3d97,02f659bb892504001cd6d13c9c847b3e76439db40282b89a4ab21f6eec569686
5.5.00_to_5.5.01,Bixby110dlg.cpp,Bixby110dlg.cpp,bixby110control::GetSelectedFancurve(),0,changed,0x00414920,0x00414BB0,80,80,3000a9653d41304bdaeec8a1fafdec318abd7bd8862f1daff14727df234eeedb,e3e9ba45a4cab15a7ce6222a0465eb326d72e8fa08418a34c7580eb872ddf43a
5.5.00_to_5.5.01,Bixby110dlg.cpp,Bixby110dlg.cpp,bixby110control::GetSelectedFeedwheel(),0,changed,0x00414970,0x00414C00,80,80,2a238c6c0cd5566637fada45f49e587e0943e8af85ae89131975da4ad5823d1d,30e9db4dbbc374dadf918aaf52ef627a54f5729c4a88d867d45e4abb50b72915
5.5.00_to_5.5.01,Bixby110dlg.cpp,Bixby110dlg.cpp,bixby110control::GetSelectedFueltypeA(),0,changed,0x00414880,0x00414B10,80,80,19cf11a2bec44d5a05bcda276303a99352374efe60ecac31d467519b0dcdcb54,596afeefee92641b0bc99382e077de87bb3b3373fa0a63894772e048ddf94121
5.5.00_to_5.5.01,Bixby110dlg.cpp,Bixby110dlg.cpp,bixby110control::GetSelectedFueltypeB(),0,changed,0x004148D0,0x00414B60,80,80,6b6c5f35aa273a2c67ac3dfc927041ed394ab1573a8ebe60672a2e74193e908c,62602ddab2408aa0fa8fee1979cf9307a0350362672587ed58373a2cd17a84b8
5.5.00_to_5.5.01,Bixby110dlg.cpp,Bixby110dlg.cpp,bixby110control::GetSelectedModel(),0,changed,0x004147D0,0x00414A60,80,80,89fcb77b2d6ef1f4c6cee7a6d5f4f656a65f3348711be67415816ea1117254fd,07009415d9dbfa5a28eb898cf6e2a1a42274fc1bf951224cdbab2db3611a8303
5.5.00_to_5.5.01,Bixby110dlg.cpp,Bixby110dlg.cpp,bixby110control::HaveItsMemoryBanksErased(),0,changed,0x00417FB0,0x004182D0,112,112,aedec127a74cb0f7d037835407701aaa467fa769147f0385938102a44510ec81,60685992a0fad99f9ec57481d88e1b9aec45f00114564c5ba21889ea3c9c7c6c
5.5.00_to_5.5.01,Bixby110dlg.cpp,Bixby110dlg.cpp,bixby110control::LoadReport(char*),0,changed,0x00415440,0x00415750,2304,2304,45bc8bb31dccf843724c4ea9b1f14b95cb855fce157040fc2a8bbeabd70e0363,1a03abe1658302605055aa679170820a031ba55c7ae66ff599ada6e1c53d390b
5.5.00_to_5.5.01,Bixby110dlg.cpp,Bixby110dlg.cpp,bixby110control::WriteDataLogDescription(),0,changed,0x00411510,0x00411510,736,912,91e5e4356889232177fb061739f9db16e26f9259021c8ceb6a316faa651fe8d6,d4026c4ce87faf1507ddd732afe41358b80641db8e9bd5ca2b04c3b2c1df12eb
5.5.00_to_5.5.01,Bixby110dlg.cpp,Bixby110dlg.cpp,bixby110control::WriteDataLogLine(),0,changed,0x004113B0,0x004113B0,352,352,de5dc3b060d64ea1dd20cac2245c8f58b687cf578aa3465f0c3d95f770c5aec4,81bbccacfeb090b2b96a6904ef9da585f62a2bdc805183794ece16bd384db95a
5.5.00_to_5.5.01,Bixby110dlg.cpp,Bixby110dlg.cpp,bixby110control::WriteDataLogTimeDate(),0,changed,0x00411280,0x00411280,192,192,9d5361a8c63f0f6285e47564f6411ba27684d19768caa4ee0f6cfbadb116170f,653a38bf35bc34eca8b144cb9656be46f1482cc666c9c8f369a87cbf50a90e3c
5.5.00_to_5.5.01,Bixby110dlg.cpp,Bixby110dlg.cpp,bixby110control::bixby110control(),0,changed,0x0040A330,0x0040A330,6192,6192,14d62978bc1dcfa5792f83475e623e6509bfb1ef224ca5608631139a59ed3dbd,062791f7c7a359a504dde18cf9b0ffd43a8cecf5226ac7a55ff885a3d1142ed3
5.5.00_to_5.5.01,Bixby110dlg.cpp,Bixby110dlg.cpp,bixby110control::bixby110control(),1,changed,0x0040BB60,0x0040BB60,6192,6192,d258548cd4621d1c6a2957dda44988359b7e7dfe25044d1b07f32db7ceb98466,9721fc5f457e95f2a264c961157b904457c3d91dcc6d81f1706406b29a47982d
5.5.00_to_5.5.01,Bixby110dlg.cpp,Bixby110dlg.cpp,"bixby110control::writeln(void*, char*)",0,same_normalized,0x0040F830,0x0040F830,64,64,540e284d78f3f8680248962074b80a33e838918cef7fd3648001daf285acce0c,540e284d78f3f8680248962074b80a33e838918cef7fd3648001daf285acce0c
5.5.00_to_5.5.01,Bixby110dlg.cpp,Bixby110dlg.cpp,bixby110control::~bixby110control(),0,changed,0x0040D390,0x0040D390,4688,4688,c179a91981b42610ba35c6ea3c507403a97556325025619bdf23b86535e23594,5a2fa91871e61b14fbabfa9643312940323bb331132ba6f5d14a6de0584ccd33
5.5.00_to_5.5.01,Bixby110dlg.cpp,Bixby110dlg.cpp,bixby110control::~bixby110control(),1,changed,0x0040E5E0,0x0040E5E0,4688,4688,c179a91981b42610ba35c6ea3c507403a97556325025619bdf23b86535e23594,5a2fa91871e61b14fbabfa9643312940323bb331132ba6f5d14a6de0584ccd33
5.5.00_to_5.5.01,Bixby110Downloader.cpp,Bixby110Downloader.cpp,bixby110downloader::AttemptStoveReset(),0,same_normalized,0x0041EC90,0x0041F050,64,64,010bff78b3d85412fb8e711c08e67b56e28161ad12b06ae68ee1595b2b071048,010bff78b3d85412fb8e711c08e67b56e28161ad12b06ae68ee1595b2b071048
5.5.00_to_5.5.01,Bixby110Downloader.cpp,Bixby110Downloader.cpp,"bixby110downloader::Bixby110Downloader(HINSTANCE__*, int, char*, unsigned char)",0,same_normalized,0x0041FEB0,0x00420270,4928,4928,a862b1d20ae9884bed0f4fc6b964a6994815deaab0166b9e78b130d76908beb3,a862b1d20ae9884bed0f4fc6b964a6994815deaab0166b9e78b130d76908beb3
5.5.00_to_5.5.01,Bixby110Downloader.cpp,Bixby110Downloader.cpp,bixby110downloader::DownLoad(),0,same_normalized,0x0041F880,0x0041FC40,1280,1280,215882463ae79b117c91d9428f3a5168d0deea97a01145d2af5ff54d46ffa9a2,215882463ae79b117c91d9428f3a5168d0deea97a01145d2af5ff54d46ffa9a2
5.5.00_to_5.5.01,Bixby110Downloader.cpp,Bixby110Downloader.cpp,bixby110downloader::GetStoveVersion(),0,same_normalized,0x0041EA70,0x0041EE30,544,544,83e1b4b3d9928eb70468a73e7058a3cfb38b6313f916c897572884a38b465416,83e1b4b3d9928eb70468a73e7058a3cfb38b6313f916c897572884a38b465416
5.5.00_to_5.5.01,Bixby110Downloader.cpp,Bixby110Downloader.cpp,bixby110downloader::Identify(),0,same_normalized,0x0041FD80,0x00420140,304,304,83631dbe1d228ebef071e62153444a35b73a276652d0325331b61227ed7ee2ad,83631dbe1d228ebef071e62153444a35b73a276652d0325331b61227ed7ee2ad
5.5.00_to_5.5.01,Bixby110Downloader.cpp,Bixby110Downloader.cpp,bixby110downloader::LoadHex(char*),0,same_normalized,0x0041F210,0x0041F5D0,1648,1648,9f1f110e4a90de5a2818859d0a5a1e1d1c797e7165c4baac5f92e71d3ca117c4,9f1f110e4a90de5a2818859d0a5a1e1d1c797e7165c4baac5f92e71d3ca117c4
5.5.00_to_5.5.01,Bixby110Downloader.cpp,Bixby110Downloader.cpp,bixby110downloader::LoadHex_Close(),0,same_normalized,0x0041F1B0,0x0041F570,96,96,f7f402c7e5e9a70b6f898b47d6a3d846df81289a40b7c0514c53a306cedfc429,f7f402c7e5e9a70b6f898b47d6a3d846df81289a40b7c0514c53a306cedfc429
5.5.00_to_5.5.01,Bixby110Downloader.cpp,Bixby110Downloader.cpp,bixby110downloader::LoadHex_Open(char*),0,same_normalized,0x0041EE30,0x0041F1F0,496,496,fb90cfd07aa4491a7916709c793efb24501e27e750e12b03edccb3b64284b7c5,fb90cfd07aa4491a7916709c793efb24501e27e750e12b03edccb3b64284b7c5
5.5.00_to_5.5.01,Bixby110Downloader.cpp,Bixby110Downloader.cpp,bixby110downloader::LoadHex_Read(),0,same_normalized,0x0041F020,0x0041F3E0,400,400,3e072fa192a4ee3fdb66ebbb779f178b97a29c3fcfbbd8767980e132a8048f8c,3e072fa192a4ee3fdb66ebbb779f178b97a29c3fcfbbd8767980e132a8048f8c
5.5.00_to_5.5.01,Bixby110Downloader.cpp,Bixby110Downloader.cpp,bixby110downloader::SendDone(),0,same_normalized,0x0041ECD0,0x0041F090,160,160,5f4c0b22ebde7b1defd9ea351f440199194c31d610e4c8672121f1816b7eb535,5f4c0b22ebde7b1defd9ea351f440199194c31d610e4c8672121f1816b7eb535
5.5.00_to_5.5.01,Bixby110Downloader.cpp,Bixby110Downloader.cpp,bixby110downloader::StatusMessage(char*),0,same_normalized,0x0041EE10,0x0041F1D0,32,32,3ca3637ced4859f9bfc6f3dc511ed5164e36e2e307de427dcb3cf3dfa9def41c,3ca3637ced4859f9bfc6f3dc511ed5164e36e2e307de427dcb3cf3dfa9def41c
5.5.00_to_5.5.01,Bixby110Downloader.cpp,Bixby110Downloader.cpp,bixby110downloader::bixby110downloader(),0,same_normalized,0x0041C830,0x0041CBF0,2272,2272,c03a01cf0a76fd1fbf5bdd577376a5d92f712dffb1c53eac4193298bc1fcf486,c03a01cf0a76fd1fbf5bdd577376a5d92f712dffb1c53eac4193298bc1fcf486
5.5.00_to_5.5.01,Bixby110Downloader.cpp,Bixby110Downloader.cpp,bixby110downloader::bixby110downloader(),1,same_normalized,0x0041D110,0x0041D4D0,2272,2272,c03a01cf0a76fd1fbf5bdd577376a5d92f712dffb1c53eac4193298bc1fcf486,c03a01cf0a76fd1fbf5bdd577376a5d92f712dffb1c53eac4193298bc1fcf486
5.5.00_to_5.5.01,Bixby110Downloader.cpp,Bixby110Downloader.cpp,bixby110downloader::g2x(char*),0,same_normalized,0x0041E7D0,0x0041EB90,144,144,22979bb2702e54311a59e69f168e4cf282b2a30dd40fd5978c1145164ae80447,22979bb2702e54311a59e69f168e4cf282b2a30dd40fd5978c1145164ae80447
5.5.00_to_5.5.01,Bixby110Downloader.cpp,Bixby110Downloader.cpp,bixby110downloader::g4x(char*),0,same_normalized,0x0041E860,0x0041EC20,320,320,dc7c1249900394eb58b90941c1dff8cd013f63a143ca88e516702bf00c83ed15,dc7c1249900394eb58b90941c1dff8cd013f63a143ca88e516702bf00c83ed15
5.5.00_to_5.5.01,Bixby110Downloader.cpp,Bixby110Downloader.cpp,bixby110downloader::getbyte(unsigned char*),0,same_normalized,0x0041E9F0,0x0041EDB0,80,80,2c21401f197131846a1571e11cf64133fe06f8d674ed0fbcdb3161c8145c82f5,2c21401f197131846a1571e11cf64133fe06f8d674ed0fbcdb3161c8145c82f5
5.5.00_to_5.5.01,Bixby110Downloader.cpp,Bixby110Downloader.cpp,"bixby110downloader::getbyte(unsigned char, unsigned char*)",0,same_normalized,0x0041E9A0,0x0041ED60,80,80,6f6463e2823deb44614cd268dc49dd77e34b13fd04fbaea708d30a3653bc1f04,6f6463e2823deb44614cd268dc49dd77e34b13fd04fbaea708d30a3653bc1f04
5.5.00_to_5.5.01,Bixby110Downloader.cpp,Bixby110Downloader.cpp,bixby110downloader::gx(char),0,same_normalized,0x0041E790,0x0041EB50,64,64,80372ed0b720abc18885fdbea898ea6a25555ef534d03326ddfdff4376f6cc24,80372ed0b720abc18885fdbea898ea6a25555ef534d03326ddfdff4376f6cc24
5.5.00_to_5.5.01,Bixby110Downloader.cpp,Bixby110Downloader.cpp,bixby110downloader::sendbyte(char),0,same_normalized,0x0041EA40,0x0041EE00,48,48,9330dd5c6b79d1871a78cd0466bcb2cd0ff5001096937d4302d91c10bea5dc89,9330dd5c6b79d1871a78cd0466bcb2cd0ff5001096937d4302d91c10bea5dc89
5.5.00_to_5.5.01,Bixby110Downloader.cpp,Bixby110Downloader.cpp,bixby110downloader::~bixby110downloader(),0,same_normalized,0x0041D9F0,0x0041DDB0,1744,1744,04866ccb1226323cd3999fda9ea4ca289bf4c6958015d21a645561cb958d35ee,04866ccb1226323cd3999fda9ea4ca289bf4c6958015d21a645561cb958d35ee
5.5.00_to_5.5.01,Bixby110Downloader.cpp,Bixby110Downloader.cpp,bixby110downloader::~bixby110downloader(),1,same_normalized,0x0041E0C0,0x0041E480,1744,1744,04866ccb1226323cd3999fda9ea4ca289bf4c6958015d21a645561cb958d35ee,04866ccb1226323cd3999fda9ea4ca289bf4c6958015d21a645561cb958d35ee
5.5.00_to_5.5.01,Bixby110DataElements.cpp,Bixby110DataElements.cpp,bixby110io::CalculateChecksum(unsigned char),0,same_normalized,0x0040A010,0x0040A010,432,432,4c648c9c46c895edbd88b14dd61b254c4ff6dfcabeff7c1198407f3822469fc4,4c648c9c46c895edbd88b14dd61b254c4ff6dfcabeff7c1198407f3822469fc4
5.5.00_to_5.5.01,Bixby110DataElements.cpp,Bixby110DataElements.cpp,bixby110io::CollectResponse(),0,same_normalized,0x00409690,0x00409690,96,96,fd6e9eba4e5591cd191a83928ff483e0acfd1b80f8952a951588bd6f5cc6b608,fd6e9eba4e5591cd191a83928ff483e0acfd1b80f8952a951588bd6f5cc6b608
5.5.00_to_5.5.01,Bixby110DataElements.cpp,Bixby110DataElements.cpp,bixby110io::CollectResponse(unsigned char*),0,same_normalized,0x00409640,0x00409640,80,80,b448c1fa9746c13eec89b3bd5c99649171c384cbd6da282ed5cf6f89b39664e3,b448c1fa9746c13eec89b3bd5c99649171c384cbd6da282ed5cf6f89b39664e3
5.5.00_to_5.5.01,Bixby110DataElements.cpp,Bixby110DataElements.cpp,"bixby110io::GetEEPROMContents(HWND__*, char)",0,same_normalized,0x004096F0,0x004096F0,1472,1472,a767806fd3aaa577ac8d40d1f32df0500d5beb81ed570fa94da4366f7c902583,a767806fd3aaa577ac8d40d1f32df0500d5beb81ed570fa94da4366f7c902583
5.5.00_to_5.5.01,Bixby110DataElements.cpp,Bixby110DataElements.cpp,bixby110io::bixby110io(),0,same_normalized,0x00408730,0x00408730,48,48,6acc95737244cf4a919c9f2b7b7691148a78113c956aca66191ef7ba299d4c0f,6acc95737244cf4a919c9f2b7b7691148a78113c956aca66191ef7ba299d4c0f
5.5.00_to_5.5.01,Bixby110DataElements.cpp,Bixby110DataElements.cpp,bixby110io::bixby110io(),1,same_normalized,0x00408760,0x00408760,48,48,6acc95737244cf4a919c9f2b7b7691148a78113c956aca66191ef7ba299d4c0f,6acc95737244cf4a919c9f2b7b7691148a78113c956aca66191ef7ba299d4c0f
5.5.00_to_5.5.01,Bixby110DataElements.cpp,Bixby110DataElements.cpp,bixby110io::flush_buffer(),0,same_normalized,0x004089C0,0x004089C0,32,32,629500ec78a2ed5d781d0a52109064d72431985190215ce7e90bfaee7306ccee,629500ec78a2ed5d781d0a52109064d72431985190215ce7e90bfaee7306ccee
5.5.00_to_5.5.01,Bixby110DataElements.cpp,Bixby110DataElements.cpp,bixby110io::freers232port(),0,same_normalized,0x00408940,0x00408940,32,32,6724ecdd66cc74f8b68633cd5ae2601162cab324ca420cca4bc8705ea5062a2f,6724ecdd66cc74f8b68633cd5ae2601162cab324ca420cca4bc8705ea5062a2f
5.5.00_to_5.5.01,Bixby110DataElements.cpp,Bixby110DataElements.cpp,bixby110io::getCMDbuf(unsigned char),0,same_normalized,0x004095E0,0x004095E0,32,32,26e8a66b692486ffd9d93c322b7c2407e4dc7c8afeb8f96d1008d9f88b515fec,26e8a66b692486ffd9d93c322b7c2407e4dc7c8afeb8f96d1008d9f88b515fec
5.5.00_to_5.5.01,Bixby110DataElements.cpp,Bixby110DataElements.cpp,"bixby110io::getCmdData(unsigned char, char*)",0,same_normalized,0x00409E60,0x00409E60,272,272,3590a9ff8727aab96ada42da1f811ae809df006660364f28850716f83849e0ea,3590a9ff8727aab96ada42da1f811ae809df006660364f28850716f83849e0ea
5.5.00_to_5.5.01,Bixby110DataElements.cpp,Bixby110DataElements.cpp,bixby110io::getTelBuf(unsigned char),0,same_normalized,0x00409620,0x00409620,32,32,e15b8ae36b7c50b07d7e08a73f4a76a7b8085867d6e2e8cf79682131124f47cc,e15b8ae36b7c50b07d7e08a73f4a76a7b8085867d6e2e8cf79682131124f47cc
5.5.00_to_5.5.01,Bixby110DataElements.cpp,Bixby110DataElements.cpp,"bixby110io::getUnit0Data(unsigned char, char*)",0,same_normalized,0x00409CB0,0x00409CB0,432,432,b41b5de58aeb829a93cfd52d6cebc6c4d15199b3745a7270dca35ea4fc21af1f,b41b5de58aeb829a93cfd52d6cebc6c4d15199b3745a7270dca35ea4fc21af1f
5.5.00_to_5.5.01,Bixby110DataElements.cpp,Bixby110DataElements.cpp,"bixby110io::getrs232port(unsigned char, unsigned char)",0,same_normalized,0x004087B0,0x004087B0,400,400,91b270d577e2034b7bd130be286e8fe3142bca965a69fa18b1cbf170d676274a,91b270d577e2034b7bd130be286e8fe3142bca965a69fa18b1cbf170d676274a
5.5.00_to_5.5.01,Bixby110DataElements.cpp,Bixby110DataElements.cpp,bixby110io::getrs232portstatus(),0,same_normalized,0x00408960,0x00408960,32,32,6091cd814b90ad8d17faf872abc44d3c88cada67ff75b6bf9031cf6f74913974,6091cd814b90ad8d17faf872abc44d3c88cada67ff75b6bf9031cf6f74913974
5.5.00_to_5.5.01,Bixby110DataElements.cpp,Bixby110DataElements.cpp,bixby110io::read_char(),0,same_normalized,0x00409FB0,0x00409FB0,48,48,be77f7a2784f8bad2bfb0443fde907b17caf180bbcf33c8a8ae85046fc85901b,be77f7a2784f8bad2bfb0443fde907b17caf180bbcf33c8a8ae85046fc85901b
5.5.00_to_5.5.01,Bixby110DataElements.cpp,Bixby110DataElements.cpp,"bixby110io::readreg(unsigned char, unsigned char)",0,same_normalized,0x00409570,0x00409570,112,112,a0990113fcc804663d513701891879f4bece2fffe7c5da3d8d72bd555472f59f,a0990113fcc804663d513701891879f4bece2fffe7c5da3d8d72bd555472f59f
5.5.00_to_5.5.01,Bixby110DataElements.cpp,Bixby110DataElements.cpp,"bixby110io::regio(unsigned char, unsigned char, unsigned char, unsigned char)",0,same_normalized,0x004093F0,0x004093F0,320,320,ff4f2fc77295ce3059aa47359ceea4cd6f0f8bfea1f78c942900b76eed9fc13c,ff4f2fc77295ce3059aa47359ceea4cd6f0f8bfea1f78c942900b76eed9fc13c
5.5.00_to_5.5.01,Bixby110DataElements.cpp,Bixby110DataElements.cpp,bixby110io::scanio(unsigned char*),0,changed,0x004089E0,0x004089E0,2576,2576,c7de688c984439e589afa8b6be6cdbc09ced6270b0f154f93ad95869b1f0cc07,7110678111af92125bf66174e1485aaaf8ef1aeb26b3e75403322b043aae4ab7
5.5.00_to_5.5.01,Bixby110DataElements.cpp,Bixby110DataElements.cpp,bixby110io::sendcommand(char*),0,same_normalized,0x00408980,0x00408980,64,64,03cc99747e7cc41bdeb8d73b336ee7e78ea4388d8bc145a5cf0e80b386e228b1,03cc99747e7cc41bdeb8d73b336ee7e78ea4388d8bc145a5cf0e80b386e228b1
5.5.00_to_5.5.01,Bixby110DataElements.cpp,Bixby110DataElements.cpp,"bixby110io::setCMDbuf(unsigned char, unsigned char)",0,same_normalized,0x00409600,0x00409600,32,32,4099cb6a5aa4bc2e6b705b53a86e1990846b63b60aa5184f66a223b2915b8ebe,4099cb6a5aa4bc2e6b705b53a86e1990846b63b60aa5184f66a223b2915b8ebe
5.5.00_to_5.5.01,Bixby110DataElements.cpp,Bixby110DataElements.cpp,bixby110io::status_read_char(unsigned char*),0,same_normalized,0x00409FE0,0x00409FE0,48,48,dfd0d2c95ce801424fb5b4e2381aea4ba5deb46ca347a77b28b7b261b0cd508c,dfd0d2c95ce801424fb5b4e2381aea4ba5deb46ca347a77b28b7b261b0cd508c
5.5.00_to_5.5.01,Bixby110DataElements.cpp,Bixby110DataElements.cpp,bixby110io::write_char(char),0,same_normalized,0x00409F70,0x00409F70,64,64,e2871aa65be4d5a0234f143123cd4bd3a7b3a6cae86497512b1d1a63c465e08a,e2871aa65be4d5a0234f143123cd4bd3a7b3a6cae86497512b1d1a63c465e08a
5.5.00_to_5.5.01,Bixby110DataElements.cpp,Bixby110DataElements.cpp,"bixby110io::writereg(unsigned char, unsigned char, unsigned char)",0,same_normalized,0x00409530,0x00409530,64,64,19fe0bc46a3efba625ed65cb67e2899200c5e7afe56863cff05c548c951c63a5,19fe0bc46a3efba625ed65cb67e2899200c5e7afe56863cff05c548c951c63a5
5.5.00_to_5.5.01,Bixby110DataElements.cpp,Bixby110DataElements.cpp,bixby110io::~bixby110io(),0,same_normalized,0x00408790,0x00408790,16,16,1958fcd7cbfcc214f3ced41de9f36b355dbc5bd71b16a50b007d398d5a987f0e,1958fcd7cbfcc214f3ced41de9f36b355dbc5bd71b16a50b007d398d5a987f0e
5.5.00_to_5.5.01,Bixby110DataElements.cpp,Bixby110DataElements.cpp,bixby110io::~bixby110io(),1,same_normalized,0x004087A0,0x004087A0,16,16,1958fcd7cbfcc214f3ced41de9f36b355dbc5bd71b16a50b007d398d5a987f0e,1958fcd7cbfcc214f3ced41de9f36b355dbc5bd71b16a50b007d398d5a987f0e
5.5.00_to_5.5.01,Bixby110DataElements.cpp,Bixby110DataElements.cpp,global constructors keyed to Bixby110TelemetryData,0,same_normalized,0x0040A300,0x0040A300,32,32,fb6380c3769fe354f2d3a491b33dae6014618747c2e1206e75e5e3ebffd0db08,fb6380c3769fe354f2d3a491b33dae6014618747c2e1206e75e5e3ebffd0db08
5.5.00_to_5.5.01,main.cpp,main.cpp,global constructors keyed to szClassName,0,changed,0x0042A400,0x0042A7C0,1680,1792,3676ae140f6cd478c7d70dba604427929dad6ed29c6a8d261f60c14b4c3186c7,a769080dec924b08e73c9102d53aa9c3c92052de5dcde4c99e041439c555b133
5.5.00_to_5.5.01,Bixby110DataElements.cpp,Bixby110DataElements.cpp,global destructors keyed to Bixby110TelemetryData,0,same_normalized,0x0040A320,0x0040A320,16,16,6f5b5a16f6da5c61d28a0531ffdbf0eaac9ec8624913b7ecfde657edddd98e2e,6f5b5a16f6da5c61d28a0531ffdbf0eaac9ec8624913b7ecfde657edddd98e2e
5.5.00_to_5.5.01,Bixby110DataElements.cpp,Bixby110DataElements.cpp,hexnibtoval(char),0,same_normalized,0x00407DD0,0x00407DD0,64,64,6c568b247840d9a1e8b3b80cf7fcd775dcd92124ece6cab81b1855aba5c740f9,6c568b247840d9a1e8b3b80cf7fcd775dcd92124ece6cab81b1855aba5c740f9
5.5.00_to_5.5.01,Bixby110DataElements.cpp,Bixby110DataElements.cpp,"hextoval(char, char)",0,same_normalized,0x00407E10,0x00407E10,112,112,6dbac5a70de5bec6bdba7fde2d87d5a007f58a9666e7e509b2a66a7364be8b66,6dbac5a70de5bec6bdba7fde2d87d5a007f58a9666e7e509b2a66a7364be8b66
5.5.00_to_5.5.01,Bixby110DataElements.cpp,Bixby110DataElements.cpp,highhexnib(unsigned char),0,same_normalized,0x00407E80,0x00407E80,32,32,fa7c8a41e85d0cf26daf92965531b26da0260031047522eff774c5b00b198497,fa7c8a41e85d0cf26daf92965531b26da0260031047522eff774c5b00b198497
5.5.00_to_5.5.01,Bixby110DataElements.cpp,Bixby110DataElements.cpp,lowhexnib(unsigned char),0,same_normalized,0x00407EA0,0x00407EA0,32,32,0279473eacb523f67742930696c3652d1d04020318256594c43bce8d532c1dc9,0279473eacb523f67742930696c3652d1d04020318256594c43bce8d532c1dc9
5.5.00_to_5.5.01,Bixby110DataElements.cpp,Bixby110DataElements.cpp,"strchrsearch(char*, char*)",0,same_normalized,0x00407FD0,0x00407FD0,112,112,52bd715c80e1d8ff7e3b6ec880cf5be83b5f99e425efd8c7aeb7cf3fb0d603b3,52bd715c80e1d8ff7e3b6ec880cf5be83b5f99e425efd8c7aeb7cf3fb0d603b3
5.5.00_to_5.5.01,Bixby110DataElements.cpp,Bixby110DataElements.cpp,"strsearch(char*, char*)",0,same_normalized,0x00407EC0,0x00407EC0,128,128,59ff38accedb2c3fdd460938604d059a5595589bfdffd088915ed7a9a861c13a,59ff38accedb2c3fdd460938604d059a5595589bfdffd088915ed7a9a861c13a
5.5.00_to_5.5.01,Bixby110DataElements.cpp,Bixby110DataElements.cpp,"strsearchtail(char*, char*)",0,same_normalized,0x00407F40,0x00407F40,144,144,7587cd960560d65d9aa79cb416d18b1296c355e70859ac1f593bda3d83356fe6,7587cd960560d65d9aa79cb416d18b1296c355e70859ac1f593bda3d83356fe6
