word_address,downloader_word,pickit_word,status
0x0000,0x3018,0x0000,changed
0x0001,0x008A,0x158A,changed
0x0002,0x2800,0x160A,changed
0x0003,0x0000,0x2E88,changed
0x07FF,,0x3400,pickit-only
0x0FF9,,0x13DD,pickit-only
0x0FFA,,0x118A,pickit-only
0x0FFB,,0x160A,pickit-only
0x0FFC,,0x2AD5,pickit-only
0x0FFD,,0x160A,pickit-only
0x0FFE,,0x2A53,pickit-only
0x0FFF,,0x2AB6,pickit-only
0x1790,,0x2F9D,pickit-only
0x1791,,0x3AFF,pickit-only
0x1792,,0x1D03,pickit-only
0x1793,,0x2F98,pickit-only
0x1794,,0x084A,pickit-only
0x1795,,0x3CAF,pickit-only
0x1796,,0x1803,pickit-only
0x1797,,0x2F9D,pickit-only
0x1798,,0x1BD0,pickit-only
0x1799,,0x2F9D,pickit-only
0x179A,,0x17D0,pickit-only
0x179B,,0x234B,pickit-only
0x179C,,0x01CD,pickit-only
0x179D,,0x084B,pickit-only
0x179E,,0x3C04,pickit-only
0x179F,,0x1803,pickit-only
0x17A0,,0x2FB3,pickit-only
0x17A1,,0x3AFF,pickit-only
0x17A2,,0x1D03,pickit-only
0x17A3,,0x2FA8,pickit-only
0x17A4,,0x084A,pickit-only
0x17A5,,0x3C27,pickit-only
0x17A6,,0x1803,pickit-only
0x17A7,,0x2FB3,pickit-only
0x17A8,,0x01CB,pickit-only
0x17A9,,0x01CA,pickit-only
0x17AA,,0x120A,pickit-only
0x17AB,,0x158A,pickit-only
0x17AC,,0x27EF,pickit-only
0x17AD,,0x160A,pickit-only
0x17AE,,0x118A,pickit-only
0x17AF,,0x12CC,pickit-only
0x17B0,,0x084C,pickit-only
0x17B1,,0x3907,pickit-only
0x17B2,,0x00F5,pickit-only
0x17B3,,0x158A,pickit-only
0x17B4,,0x160A,pickit-only
0x17B5,,0x2D9A,pickit-only
0x17B6,,0x3FFF,pickit-only
0x17B7,,0x3FFF,pickit-only
0x17B8,,0x3FFF,pickit-only
0x17B9,,0x3FFF,pickit-only
0x17BA,,0x3FFF,pickit-only
0x17BB,,0x3FFF,pickit-only
0x17BC,,0x3FFF,pickit-only
0x17BD,,0x3FFF,pickit-only
0x17BE,,0x3FFF,pickit-only
0x17BF,,0x3FFF,pickit-only
0x17C0,,0x3FFF,pickit-only
0x17C1,,0x3FFF,pickit-only
0x17C2,,0x3FFF,pickit-only
0x17C3,,0x3FFF,pickit-only
0x17C4,,0x3FFF,pickit-only
0x17C5,,0x3FFF,pickit-only
0x17C6,,0x3FFF,pickit-only
0x17C7,,0x3FFF,pickit-only
0x17C8,,0x3FFF,pickit-only
0x17C9,,0x3FFF,pickit-only
0x17CA,,0x3FFF,pickit-only
0x17CB,,0x3FFF,pickit-only
0x17CC,,0x3FFF,pickit-only
0x17CD,,0x3FFF,pickit-only
0x17CE,,0x3FFF,pickit-only
0x17CF,,0x3FFF,pickit-only
0x17D0,,0x3FFF,pickit-only
0x17D1,,0x3FFF,pickit-only
0x17D2,,0x3FFF,pickit-only
0x17D3,,0x3FFF,pickit-only
0x17D4,,0x3FFF,pickit-only
0x17D5,,0x3FFF,pickit-only
0x17D6,,0x3FFF,pickit-only
0x17D7,,0x3FFF,pickit-only
0x17D8,,0x3FFF,pickit-only
0x17D9,,0x3FFF,pickit-only
0x17DA,,0x3FFF,pickit-only
0x17DB,,0x3FFF,pickit-only
0x17DC,,0x3FFF,pickit-only
0x17DD,,0x3FFF,pickit-only
0x17DE,,0x3FFF,pickit-only
0x17DF,,0x3FFF,pickit-only
0x17E0,,0x3FFF,pickit-only
0x17E1,,0x3FFF,pickit-only
0x17E2,,0x3FFF,pickit-only
0x17E3,,0x3FFF,pickit-only
0x17E4,,0x3FFF,pickit-only
0x17E5,,0x3FFF,pickit-only
0x17E6,,0x3FFF,pickit-only
0x17E7,,0x3FFF,pickit-only
0x17E8,,0x3FFF,pickit-only
0x17E9,,0x3FFF,pickit-only
0x17EA,,0x3FFF,pickit-only
0x17EB,,0x3FFF,pickit-only
0x17EC,,0x3FFF,pickit-only
0x17ED,,0x3FFF,pickit-only
0x17EE,,0x3FFF,pickit-only
0x17EF,,0x3FFF,pickit-only
0x17F0,,0x3FFF,pickit-only
0x17F1,,0x3FFF,pickit-only
0x17F2,,0x3FFF,pickit-only
0x17F3,,0x3FFF,pickit-only
0x17F4,,0x3FFF,pickit-only
0x17F5,,0x3FFF,pickit-only
0x17F6,,0x3FFF,pickit-only
0x17F7,,0x3FFF,pickit-only
0x17F8,,0x3FFF,pickit-only
0x17F9,,0x3FFF,pickit-only
0x17FA,,0x3FFF,pickit-only
0x17FB,,0x3FFF,pickit-only
0x17FC,,0x3FFF,pickit-only
0x17FD,,0x3FFF,pickit-only
0x17FE,,0x3FFF,pickit-only
0x17FF,,0x3FFF,pickit-only
0x1E27,,0x1683,pickit-only
0x1E28,,0x00CC,pickit-only
0x1E29,,0x087A,pickit-only
0x1E2A,,0x00CD,pickit-only
0x1E2B,,0x00D1,pickit-only
0x1E2C,,0x084C,pickit-only
0x1E2D,,0x00D0,pickit-only
0x1E2E,,0x3048,pickit-only
0x1E2F,,0x00D2,pickit-only
0x1E30,,0x3003,pickit-only
0x1E31,,0x00D3,pickit-only
0x1E32,,0x118A,pickit-only
0x1E33,,0x1283,pickit-only
0x1E34,,0x22A5,pickit-only
0x1E35,,0x158A,pickit-only
0x1E36,,0x0879,pickit-only
0x1E37,,0x1683,pickit-only
0x1E38,,0x00CE,pickit-only
0x1E39,,0x0878,pickit-only
0x1E3A,,0x00CD,pickit-only
0x1E3B,,0x084E,pickit-only
0x1E3C,,0x00D5,pickit-only
0x1E3D,,0x084D,pickit-only
0x1E3E,,0x00D4,pickit-only
0x1E3F,,0x120A,pickit-only
0x1E40,,0x118A,pickit-only
0x1E41,,0x1283,pickit-only
0x1E42,,0x2773,pickit-only
0x1E43,,0x160A,pickit-only
0x1E44,,0x158A,pickit-only
0x1E45,,0x0841,pickit-only
0x1E46,,0x00BF,pickit-only
0x1E47,,0x0840,pickit-only
0x1E48,,0x00BE,pickit-only
0x1E49,,0x30FE,pickit-only
0x1E4A,,0x1683,pickit-only
0x1E4B,,0x00D6,pickit-only
0x1E4C,,0x1283,pickit-only
0x1E4D,,0x083F,pickit-only
0x1E4E,,0x1683,pickit-only
0x1E4F,,0x00D8,pickit-only
0x1E50,,0x1283,pickit-only
0x1E51,,0x083E,pickit-only
0x1E52,,0x1683,pickit-only
0x1E53,,0x00D7,pickit-only
0x1E54,,0x120A,pickit-only
0x1E55,,0x118A,pickit-only
0x1E56,,0x1283,pickit-only
0x1E57,,0x2747,pickit-only
0x1E58,,0x160A,pickit-only
0x1E59,,0x158A,pickit-only
0x1E5A,,0x118A,pickit-only
0x1E5B,,0x2D17,pickit-only
0x1E5C,,0x158A,pickit-only
0x1E5D,,0x084D,pickit-only
0x1E5E,,0x3C03,pickit-only
0x1E5F,,0x1803,pickit-only
0x1E60,,0x2E6D,pickit-only
0x1E61,,0x3AFF,pickit-only
0x1E62,,0x1D03,pickit-only
0x1E63,,0x2E68,pickit-only
0x1E64,,0x084C,pickit-only
0x1E65,,0x3C37,pickit-only
0x1E66,,0x1803,pickit-only
0x1E67,,0x2E6D,pickit-only
0x1E68,,0x0857,pickit-only
0x1E69,,0x3C1D,pickit-only
0x1E6A,,0x1C03,pickit-only
0x1E6B,,0x2E6D,pickit-only
0x1E6C,,0x2A99,pickit-only
0x1E6D,,0x118A,pickit-only
0x1E6E,,0x2DA8,pickit-only
0x1E6F,,0x158A,pickit-only
0x1E70,,0x2E7C,pickit-only
0x1E71,,0x1450,pickit-only
0x1E72,,0x300A,pickit-only
0x1E73,,0x1683,pickit-only
0x1E74,,0x00D7,pickit-only
0x1E75,,0x120A,pickit-only
0x1E76,,0x118A,pickit-only
0x1E77,,0x1283,pickit-only
0x1E78,,0x22F7,pickit-only
0x1E79,,0x160A,pickit-only
0x1E7A,,0x158A,pickit-only
0x1E7B,,0x2991,pickit-only
0x1E7C,,0x289F,pickit-only
0x1E7D,,0x0063,pickit-only
0x1E7E,,0x3FFF,pickit-only
0x1E7F,,0x3FFF,pickit-only
0x1E80,,0x158A,pickit-only
0x1E81,,0x160A,pickit-only
0x1E82,,0x2E80,pickit-only
0x1E83,,0x018A,pickit-only
0x1E84,,0x3018,pickit-only
0x1E85,,0x008A,pickit-only
0x1E86,,0x2800,pickit-only
0x1E87,,0x0000,pickit-only
0x1E88,,0x1E03,pickit-only
0x1E89,,0x2E83,pickit-only
0x1E8A,,0x3090,pickit-only
0x1E8B,,0x0098,pickit-only
0x1E8C,,0x1683,pickit-only
0x1E8D,,0x1518,pickit-only
0x1E8E,,0x1698,pickit-only
0x1E8F,,0x3040,pickit-only
0x1E90,,0x0099,pickit-only
0x1E91,,0x1283,pickit-only
0x1E92,,0x3003,pickit-only
0x1E93,,0x00FA,pickit-only
0x1E94,,0x3021,pickit-only
0x1E95,,0x0090,pickit-only
0x1E96,,0x140C,pickit-only
0x1E97,,0x26EC,pickit-only
0x1E98,,0x3AEA,pickit-only
0x1E99,,0x1D03,pickit-only
0x1E9A,,0x2EAF,pickit-only
0x1E9B,,0x01FA,pickit-only
0x1E9C,,0x2EB6,pickit-only
0x1E9D,,0x26EC,pickit-only
0x1E9E,,0x00F9,pickit-only
0x1E9F,,0x3AE3,pickit-only
0x1EA0,,0x1903,pickit-only
0x1EA1,,0x2EB8,pickit-only
0x1EA2,,0x0879,pickit-only
0x1EA3,,0x3AEA,pickit-only
0x1EA4,,0x1903,pickit-only
0x1EA5,,0x2EB6,pickit-only
0x1EA6,,0x0879,pickit-only
0x1EA7,,0x3AED,pickit-only
0x1EA8,,0x1D03,pickit-only
0x1EA9,,0x2E9D,pickit-only
0x1EAA,,0x30E4,pickit-only
0x1EAB,,0x26E7,pickit-only
0x1EAC,,0x3003,pickit-only
0x1EAD,,0x00FA,pickit-only
0x1EAE,,0x26EC,pickit-only
0x1EAF,,0x0190,pickit-only
0x1EB0,,0x0198,pickit-only
0x1EB1,,0x1683,pickit-only
0x1EB2,,0x0198,pickit-only
0x1EB3,,0x1283,pickit-only
0x1EB4,,0x018C,pickit-only
0x1EB5,,0x2E83,pickit-only
0x1EB6,,0x30EB,pickit-only
0x1EB7,,0x2EE5,pickit-only
0x1EB8,,0x26EC,pickit-only
0x1EB9,,0x00F6,pickit-only
0x1EBA,,0x26EC,pickit-only
0x1EBB,,0x00F5,pickit-only
0x1EBC,,0x26EC,pickit-only
0x1EBD,,0x00F1,pickit-only
0x1EBE,,0x00FB,pickit-only
0x1EBF,,0x26EC,pickit-only
0x1EC0,,0x00F3,pickit-only
0x1EC1,,0x01F2,pickit-only
0x1EC2,,0x3021,pickit-only
0x1EC3,,0x1283,pickit-only
0x1EC4,,0x1303,pickit-only
0x1EC5,,0x0276,pickit-only
0x1EC6,,0x1903,pickit-only
0x1EC7,,0x2ED1,pickit-only
0x1EC8,,0x0875,pickit-only
0x1EC9,,0x3903,pickit-only
0x1ECA,,0x00FC,pickit-only
0x1ECB,,0x00FD,pickit-only
0x1ECC,,0x1003,pickit-only
0x1ECD,,0x0DFC,pickit-only
0x1ECE,,0x3020,pickit-only
0x1ECF,,0x077C,pickit-only
0x1ED0,,0x2ED2,pickit-only
0x1ED1,,0x3020,pickit-only
0x1ED2,,0x0084,pickit-only
0x1ED3,,0x26EC,pickit-only
0x1ED4,,0x0080,pickit-only
0x1ED5,,0x07F2,pickit-only
0x1ED6,,0x0A84,pickit-only
0x1ED7,,0x0BFB,pickit-only
0x1ED8,,0x2ED3,pickit-only
0x1ED9,,0x0872,pickit-only
0x1EDA,,0x0673,pickit-only
0x1EDB,,0x30E8,pickit-only
0x1EDC,,0x1D03,pickit-only
0x1EDD,,0x2EE5,pickit-only
0x1EDE,,0x30E7,pickit-only
0x1EDF,,0x26E7,pickit-only
0x1EE0,,0x26FE,pickit-only
0x1EE1,,0x3800,pickit-only
0x1EE2,,0x30E4,pickit-only
0x1EE3,,0x1903,pickit-only
0x1EE4,,0x30E5,pickit-only
0x1EE5,,0x26E7,pickit-only
0x1EE6,,0x2E9D,pickit-only
0x1EE7,,0x0064,pickit-only
0x1EE8,,0x1E0C,pickit-only
0x1EE9,,0x2EE7,pickit-only
0x1EEA,,0x0099,pickit-only
0x1EEB,,0x0008,pickit-only
0x1EEC,,0x0064,pickit-only
0x1EED,,0x087A,pickit-only
0x1EEE,,0x1903,pickit-only
0x1EEF,,0x2EFA,pickit-only
0x1EF0,,0x1C0C,pickit-only
0x1EF1,,0x2EFA,pickit-only
0x1EF2,,0x1010,pickit-only
0x1EF3,,0x0BFA,pickit-only
0x1EF4,,0x2EF6,pickit-only
0x1EF5,,0x3400,pickit-only
0x1EF6,,0x100C,pickit-only
0x1EF7,,0x300B,pickit-only
0x1EF8,,0x008F,pickit-only
0x1EF9,,0x1410,pickit-only
0x1EFA,,0x1E8C,pickit-only
0x1EFB,,0x2EEC,pickit-only
0x1EFC,,0x081A,pickit-only
0x1EFD,,0x0008,pickit-only
0x1EFE,,0x3021,pickit-only
0x1EFF,,0x0276,pickit-only
0x1F00,,0x1903,pickit-only
0x1F01,,0x2F50,pickit-only
0x1F02,,0x1683,pickit-only
0x1F03,,0x1703,pickit-only
0x1F04,,0x178C,pickit-only
0x1F05,,0x1283,pickit-only
0x1F06,,0x1303,pickit-only
0x1F07,,0x0875,pickit-only
0x1F08,,0x39FC,pickit-only
0x1F09,,0x1703,pickit-only
0x1F0A,,0x008D,pickit-only
0x1F0B,,0x1303,pickit-only
0x1F0C,,0x0876,pickit-only
0x1F0D,,0x1703,pickit-only
0x1F0E,,0x008F,pickit-only
0x1F0F,,0x3020,pickit-only
0x1F10,,0x0084,pickit-only
0x1F11,,0x1303,pickit-only
0x1F12,,0x087D,pickit-only
0x1F13,,0x1903,pickit-only
0x1F14,,0x2F28,pickit-only
0x1F15,,0x1683,pickit-only
0x1F16,,0x1703,pickit-only
0x1F17,,0x140C,pickit-only
0x1F18,,0x0000,pickit-only
0x1F19,,0x0000,pickit-only
0x1F1A,,0x1283,pickit-only
0x1F1B,,0x080E,pickit-only
0x1F1C,,0x0080,pickit-only
0x1F1D,,0x0A84,pickit-only
0x1F1E,,0x080C,pickit-only
0x1F1F,,0x0080,pickit-only
0x1F20,,0x0A84,pickit-only
0x1F21,,0x0A8D,pickit-only
0x1F22,,0x1303,pickit-only
0x1F23,,0x03FD,pickit-only
0x1F24,,0x03F5,pickit-only
0x1F25,,0x0AF1,pickit-only
0x1F26,,0x0AF1,pickit-only
0x1F27,,0x2F11,pickit-only
0x1F28,,0x0871,pickit-only
0x1F29,,0x00FC,pickit-only
0x1F2A,,0x3E20,pickit-only
0x1F2B,,0x0084,pickit-only
0x1F2C,,0x1003,pickit-only
0x1F2D,,0x0CFC,pickit-only
0x1F2E,,0x0876,pickit-only
0x1F2F,,0x1703,pickit-only
0x1F30,,0x008F,pickit-only
0x1F31,,0x1303,pickit-only
0x1F32,,0x0875,pickit-only
0x1F33,,0x1703,pickit-only
0x1F34,,0x008D,pickit-only
0x1F35,,0x1303,pickit-only
0x1F36,,0x087C,pickit-only
0x1F37,,0x1703,pickit-only
0x1F38,,0x078D,pickit-only
0x1F39,,0x1903,pickit-only
0x1F3A,,0x0A8F,pickit-only
0x1F3B,,0x1703,pickit-only
0x1F3C,,0x080D,pickit-only
0x1F3D,,0x3903,pickit-only
0x1F3E,,0x1903,pickit-only
0x1F3F,,0x2F50,pickit-only
0x1F40,,0x1683,pickit-only
0x1F41,,0x140C,pickit-only
0x1F42,,0x0000,pickit-only
0x1F43,,0x0000,pickit-only
0x1F44,,0x1283,pickit-only
0x1F45,,0x080E,pickit-only
0x1F46,,0x0080,pickit-only
0x1F47,,0x0A84,pickit-only
0x1F48,,0x080C,pickit-only
0x1F49,,0x0080,pickit-only
0x1F4A,,0x0A84,pickit-only
0x1F4B,,0x0A8D,pickit-only
0x1F4C,,0x1303,pickit-only
0x1F4D,,0x0AF1,pickit-only
0x1F4E,,0x0AF1,pickit-only
0x1F4F,,0x2F3B,pickit-only
0x1F50,,0x0875,pickit-only
0x1F51,,0x00F7,pickit-only
0x1F52,,0x0876,pickit-only
0x1F53,,0x00F8,pickit-only
0x1F54,,0x01FB,pickit-only
0x1F55,,0x3002,pickit-only
0x1F56,,0x00F4,pickit-only
0x1F57,,0x0871,pickit-only
0x1F58,,0x027B,pickit-only
0x1F59,,0x1803,pickit-only
0x1F5A,,0x3401,pickit-only
0x1F5B,,0x087B,pickit-only
0x1F5C,,0x3E20,pickit-only
0x1F5D,,0x0084,pickit-only
0x1F5E,,0x3021,pickit-only
0x1F5F,,0x0278,pickit-only
0x1F60,,0x1703,pickit-only
0x1F61,,0x1683,pickit-only
0x1F62,,0x1903,pickit-only
0x1F63,,0x2F6E,pickit-only
0x1F64,,0x178C,pickit-only
0x1F65,,0x0183,pickit-only
0x1F66,,0x301E,pickit-only
0x1F67,,0x0278,pickit-only
0x1F68,,0x3080,pickit-only
0x1F69,,0x1903,pickit-only
0x1F6A,,0x0277,pickit-only
0x1F6B,,0x1803,pickit-only
0x1F6C,,0x2FB6,pickit-only
0x1F6D,,0x2F70,pickit-only
0x1F6E,,0x138C,pickit-only
0x1F6F,,0x0183,pickit-only
0x1F70,,0x0877,pickit-only
0x1F71,,0x1703,pickit-only
0x1F72,,0x008D,pickit-only
0x1F73,,0x1303,pickit-only
0x1F74,,0x0878,pickit-only
0x1F75,,0x1D03,pickit-only
0x1F76,,0x2F85,pickit-only
0x1F77,,0x3004,pickit-only
0x1F78,,0x0277,pickit-only
0x1F79,,0x1803,pickit-only
0x1F7A,,0x2F85,pickit-only
0x1F7B,,0x1703,pickit-only
0x1F7C,,0x1683,pickit-only
0x1F7D,,0x1F8C,pickit-only
0x1F7E,,0x2F82,pickit-only
0x1F7F,,0x1283,pickit-only
0x1F80,,0x3084,pickit-only
0x1F81,,0x078D,pickit-only
0x1F82,,0x0183,pickit-only
0x1F83,,0x301E,pickit-only
0x1F84,,0x2F86,pickit-only
0x1F85,,0x0878,pickit-only
0x1F86,,0x1703,pickit-only
0x1F87,,0x008F,pickit-only
0x1F88,,0x0800,pickit-only
0x1F89,,0x008E,pickit-only
0x1F8A,,0x0A84,pickit-only
0x1F8B,,0x0800,pickit-only
0x1F8C,,0x008C,pickit-only
0x1F8D,,0x1683,pickit-only
0x1F8E,,0x150C,pickit-only
0x1F8F,,0x3055,pickit-only
0x1F90,,0x008D,pickit-only
0x1F91,,0x30AA,pickit-only
0x1F92,,0x008D,pickit-only
0x1F93,,0x148C,pickit-only
0x1F94,,0x0000,pickit-only
0x1F95,,0x0000,pickit-only
0x1F96,,0x0183,pickit-only
0x1F97,,0x1683,pickit-only
0x1F98,,0x1703,pickit-only
0x1F99,,0x1B8C,pickit-only
0x1F9A,,0x2FBE,pickit-only
0x1F9B,,0x1283,pickit-only
0x1F9C,,0x1303,pickit-only
0x1F9D,,0x0064,pickit-only
0x1F9E,,0x1E0D,pickit-only
0x1F9F,,0x2F9D,pickit-only
0x1FA0,,0x120D,pickit-only
0x1FA1,,0x1683,pickit-only
0x1FA2,,0x1703,pickit-only
0x1FA3,,0x110C,pickit-only
0x1FA4,,0x140C,pickit-only
0x1FA5,,0x0000,pickit-only
0x1FA6,,0x0000,pickit-only
0x1FA7,,0x1283,pickit-only
0x1FA8,,0x0384,pickit-only
0x1FA9,,0x0800,pickit-only
0x1FAA,,0x060E,pickit-only
0x1FAB,,0x1D03,pickit-only
0x1FAC,,0x2FB2,pickit-only
0x1FAD,,0x0A84,pickit-only
0x1FAE,,0x0800,pickit-only
0x1FAF,,0x060C,pickit-only
0x1FB0,,0x1903,pickit-only
0x1FB1,,0x2FB6,pickit-only
0x1FB2,,0x0183,pickit-only
0x1FB3,,0x0BF4,pickit-only
0x1FB4,,0x2F57,pickit-only
0x1FB5,,0x3400,pickit-only
0x1FB6,,0x1283,pickit-only
0x1FB7,,0x1303,pickit-only
0x1FB8,,0x3002,pickit-only
0x1FB9,,0x07FB,pickit-only
0x1FBA,,0x0AF7,pickit-only
0x1FBB,,0x1903,pickit-only
0x1FBC,,0x0AF8,pickit-only
0x1FBD,,0x2F55,pickit-only
0x1FBE,,0x1283,pickit-only
0x1FBF,,0x1303,pickit-only
0x1FC0,,0x120D,pickit-only
0x1FC1,,0x1683,pickit-only
0x1FC2,,0x1703,pickit-only
0x1FC3,,0x110C,pickit-only
0x1FC4,,0x1283,pickit-only
0x1FC5,,0x1703,pickit-only
0x1FC6,,0x080D,pickit-only
0x1FC7,,0x3903,pickit-only
0x1FC8,,0x3C03,pickit-only
0x1FC9,,0x1D03,pickit-only
0x1FCA,,0x2FB6,pickit-only
0x1FCB,,0x3003,pickit-only
0x1FCC,,0x028D,pickit-only
0x1FCD,,0x1283,pickit-only
0x1FCE,,0x1303,pickit-only
0x1FCF,,0x3004,pickit-only
0x1FD0,,0x00FC,pickit-only
0x1FD1,,0x3007,pickit-only
0x1FD2,,0x0284,pickit-only
0x1FD3,,0x0000,pickit-only
0x1FD4,,0x1683,pickit-only
0x1FD5,,0x1703,pickit-only
0x1FD6,,0x140C,pickit-only
0x1FD7,,0x0000,pickit-only
0x1FD8,,0x0000,pickit-only
0x1FD9,,0x0000,pickit-only
0x1FDA,,0x0000,pickit-only
0x1FDB,,0x0000,pickit-only
0x1FDC,,0x0000,pickit-only
0x1FDD,,0x0800,pickit-only
0x1FDE,,0x1283,pickit-only
0x1FDF,,0x1703,pickit-only
0x1FE0,,0x060E,pickit-only
0x1FE1,,0x1D03,pickit-only
0x1FE2,,0x2FE8,pickit-only
0x1FE3,,0x0A84,pickit-only
0x1FE4,,0x0800,pickit-only
0x1FE5,,0x060C,pickit-only
0x1FE6,,0x1903,pickit-only
0x1FE7,,0x2FEF,pickit-only
0x1FE8,,0x1283,pickit-only
0x1FE9,,0x1303,pickit-only
0x1FEA,,0x30FC,pickit-only
0x1FEB,,0x05F7,pickit-only
0x1FEC,,0x3006,pickit-only
0x1FED,,0x02FB,pickit-only
0x1FEE,,0x2FB2,pickit-only
0x1FEF,,0x1283,pickit-only
0x1FF0,,0x1703,pickit-only
0x1FF1,,0x0A8D,pickit-only
0x1FF2,,0x0A84,pickit-only
0x1FF3,,0x1283,pickit-only
0x1FF4,,0x1303,pickit-only
0x1FF5,,0x0BFC,pickit-only
0x1FF6,,0x2FD3,pickit-only
0x1FF7,,0x2FB6,pickit-only
0x1FF8,,0x3FFF,pickit-only
0x1FF9,,0x3FFF,pickit-only
0x1FFA,,0x3FFF,pickit-only
0x1FFB,,0x3FFF,pickit-only
0x1FFC,,0x3FFF,pickit-only
0x1FFD,,0x3FFF,pickit-only
0x1FFE,,0x3FFF,pickit-only
0x1FFF,,0x3FFF,pickit-only
0x2000,0x0004,0x000F,changed
0x2001,0x0003,0x000F,changed
0x2002,0x0000,0x000F,changed
0x2003,0x0002,0x000F,changed
0x2007,0x3F76,0x3F32,changed
0x2100,,0x0070,pickit-only
0x2101,,0x0068,pickit-only
0x2102,,0x0005,pickit-only
0x2103,,0x0035,pickit-only
0x2104,,0x0030,pickit-only
0x2105,,0x0031,pickit-only
0x2106,,0x0035,pickit-only
0x2107,,0x0000,pickit-only
0x2108,,0x0000,pickit-only
0x2109,,0x0000,pickit-only
0x210A,,0x0000,pickit-only
0x210B,,0x0030,pickit-only
0x210C,,0x0034,pickit-only
0x210D,,0x0031,pickit-only
0x210E,,0x0036,pickit-only
0x210F,,0x0032,pickit-only
0x2110,,0x0030,pickit-only
0x2111,,0x0030,pickit-only
0x2112,,0x0037,pickit-only
0x2113,,0x0042,pickit-only
0x2114,,0x0069,pickit-only
0x2115,,0x0078,pickit-only
0x2116,,0x0062,pickit-only
0x2117,,0x0079,pickit-only
0x2118,,0x0020,pickit-only
0x2119,,0x004D,pickit-only
0x211A,,0x006F,pickit-only
0x211B,,0x0064,pickit-only
0x211C,,0x0065,pickit-only
0x211D,,0x006C,pickit-only
0x211E,,0x0020,pickit-only
0x211F,,0x0031,pickit-only
0x2120,,0x0031,pickit-only
0x2121,,0x0035,pickit-only
0x2122,,0x0000,pickit-only
0x2123,,0x00FF,pickit-only
0x2124,,0x00FF,pickit-only
0x2125,,0x00FF,pickit-only
0x2126,,0x00FF,pickit-only
0x2127,,0x00FF,pickit-only
0x2128,,0x00FF,pickit-only
0x2129,,0x00FF,pickit-only
0x212A,,0x00FF,pickit-only
0x212B,,0x00FF,pickit-only
0x212C,,0x00FF,pickit-only
0x212D,,0x00FF,pickit-only
0x212E,,0x00FF,pickit-only
0x212F,,0x00FF,pickit-only
0x2130,,0x0046,pickit-only
0x2131,,0x0046,pickit-only
0x2132,,0x0046,pickit-only
0x2133,,0x0046,pickit-only
0x2134,,0x0046,pickit-only
0x2135,,0x0046,pickit-only
0x2136,,0x0046,pickit-only
0x2137,,0x0046,pickit-only
0x2138,,0x0064,pickit-only
0x2139,,0x0064,pickit-only
0x213A,,0x0064,pickit-only
0x213B,,0x0064,pickit-only
0x213C,,0x0064,pickit-only
0x213D,,0x0064,pickit-only
0x213E,,0x0064,pickit-only
0x213F,,0x0064,pickit-only
0x2140,,0x0046,pickit-only
0x2141,,0x0046,pickit-only
0x2142,,0x0046,pickit-only
0x2143,,0x0046,pickit-only
0x2144,,0x0046,pickit-only
0x2145,,0x0046,pickit-only
0x2146,,0x0046,pickit-only
0x2147,,0x0046,pickit-only
0x2148,,0x0064,pickit-only
0x2149,,0x0067,pickit-only
0x214A,,0x006A,pickit-only
0x214B,,0x006D,pickit-only
0x214C,,0x0070,pickit-only
0x214D,,0x0073,pickit-only
0x214E,,0x0076,pickit-only
0x214F,,0x0079,pickit-only
0x2150,,0x000E,pickit-only
0x2151,,0x000E,pickit-only
0x2152,,0x000E,pickit-only
0x2153,,0x000E,pickit-only
0x2154,,0x000E,pickit-only
0x2155,,0x000E,pickit-only
0x2156,,0x000E,pickit-only
0x2157,,0x000E,pickit-only
0x2158,,0x0046,pickit-only
0x2159,,0x0064,pickit-only
0x215A,,0x0064,pickit-only
0x215B,,0x0064,pickit-only
0x215C,,0x0055,pickit-only
0x215D,,0x0011,pickit-only
0x215E,,0x0011,pickit-only
0x215F,,0x0011,pickit-only
0x2160,,0x0046,pickit-only
0x2161,,0x0064,pickit-only
0x2162,,0x0064,pickit-only
0x2163,,0x0004,pickit-only
0x2164,,0x0064,pickit-only
0x2165,,0x0050,pickit-only
0x2166,,0x0055,pickit-only
0x2167,,0x0050,pickit-only
0x2168,,0x0032,pickit-only
0x2169,,0x00AA,pickit-only
0x216A,,0x00FF,pickit-only
0x216B,,0x00FF,pickit-only
0x216C,,0x00FF,pickit-only
0x216D,,0x00FF,pickit-only
0x216E,,0x00FF,pickit-only
0x216F,,0x00FF,pickit-only
0x2170,,0x005B,pickit-only
0x2171,,0x0058,pickit-only
0x2172,,0x0055,pickit-only
0x2173,,0x0052,pickit-only
0x2174,,0x004F,pickit-only
0x2175,,0x004C,pickit-only
0x2176,,0x0049,pickit-only
0x2177,,0x0046,pickit-only
0x2178,,0x0064,pickit-only
0x2179,,0x0064,pickit-only
0x217A,,0x0064,pickit-only
0x217B,,0x0064,pickit-only
0x217C,,0x0064,pickit-only
0x217D,,0x0064,pickit-only
0x217E,,0x0064,pickit-only
0x217F,,0x0064,pickit-only
0x2180,,0x0009,pickit-only
0x2181,,0x0009,pickit-only
0x2182,,0x0009,pickit-only
0x2183,,0x0009,pickit-only
0x2184,,0x0009,pickit-only
0x2185,,0x0009,pickit-only
0x2186,,0x0009,pickit-only
0x2187,,0x0009,pickit-only
0x2188,,0x0050,pickit-only
0x2189,,0x0096,pickit-only
0x218A,,0x004B,pickit-only
0x218B,,0x004B,pickit-only
0x218C,,0x00FF,pickit-only
0x218D,,0x00FF,pickit-only
0x218E,,0x00FF,pickit-only
0x218F,,0x00FF,pickit-only
0x2190,,0x0050,pickit-only
0x2191,,0x0055,pickit-only
0x2192,,0x0064,pickit-only
0x2193,,0x0004,pickit-only
0x2194,,0x0064,pickit-only
0x2195,,0x00FF,pickit-only
0x2196,,0x00FF,pickit-only
0x2197,,0x00FF,pickit-only
0x2198,,0x0032,pickit-only
0x2199,,0x00AA,pickit-only
0x219A,,0x00FF,pickit-only
0x219B,,0x00FF,pickit-only
0x219C,,0x00FF,pickit-only
0x219D,,0x00FF,pickit-only
0x219E,,0x00FF,pickit-only
0x219F,,0x00FF,pickit-only
0x21A0,,0x00FF,pickit-only
0x21A1,,0x00FF,pickit-only
0x21A2,,0x00FF,pickit-only
0x21A3,,0x00FF,pickit-only
0x21A4,,0x00FF,pickit-only
0x21A5,,0x00FF,pickit-only
0x21A6,,0x00FF,pickit-only
0x21A7,,0x00FF,pickit-only
0x21A8,,0x00FF,pickit-only
0x21A9,,0x00FF,pickit-only
0x21AA,,0x00FF,pickit-only
0x21AB,,0x00FF,pickit-only
0x21AC,,0x00FF,pickit-only
0x21AD,,0x00FF,pickit-only
0x21AE,,0x00FF,pickit-only
0x21AF,,0x00FF,pickit-only
0x21B0,,0x00FF,pickit-only
0x21B1,,0x00FF,pickit-only
0x21B2,,0x00FF,pickit-only
0x21B3,,0x00FF,pickit-only
0x21B4,,0x00FF,pickit-only
0x21B5,,0x00FF,pickit-only
0x21B6,,0x00FF,pickit-only
0x21B7,,0x00FF,pickit-only
0x21B8,,0x00FF,pickit-only
0x21B9,,0x00FF,pickit-only
0x21BA,,0x00FF,pickit-only
0x21BB,,0x00FF,pickit-only
0x21BC,,0x00FF,pickit-only
0x21BD,,0x00FF,pickit-only
0x21BE,,0x00FF,pickit-only
0x21BF,,0x00FF,pickit-only
0x21C0,,0x00FF,pickit-only
0x21C1,,0x00FF,pickit-only
0x21C2,,0x00FF,pickit-only
0x21C3,,0x00FF,pickit-only
0x21C4,,0x00FF,pickit-only
0x21C5,,0x00FF,pickit-only
0x21C6,,0x00FF,pickit-only
0x21C7,,0x00FF,pickit-only
0x21C8,,0x00FF,pickit-only
0x21C9,,0x00FF,pickit-only
0x21CA,,0x00FF,pickit-only
0x21CB,,0x00FF,pickit-only
0x21CC,,0x00FF,pickit-only
0x21CD,,0x00FF,pickit-only
0x21CE,,0x00FF,pickit-only
0x21CF,,0x00FF,pickit-only
0x21D0,,0x00FF,pickit-only
0x21D1,,0x00FF,pickit-only
0x21D2,,0x00FF,pickit-only
0x21D3,,0x00FF,pickit-only
0x21D4,,0x00FF,pickit-only
0x21D5,,0x00FF,pickit-only
0x21D6,,0x00FF,pickit-only
0x21D7,,0x00FF,pickit-only
0x21D8,,0x00FF,pickit-only
0x21D9,,0x00FF,pickit-only
0x21DA,,0x00FF,pickit-only
0x21DB,,0x00FF,pickit-only
0x21DC,,0x00FF,pickit-only
0x21DD,,0x00FF,pickit-only
0x21DE,,0x00FF,pickit-only
0x21DF,,0x00FF,pickit-only
0x21E0,,0x00FF,pickit-only
0x21E1,,0x00FF,pickit-only
0x21E2,,0x00FF,pickit-only
0x21E3,,0x00FF,pickit-only
0x21E4,,0x00FF,pickit-only
0x21E5,,0x00FF,pickit-only
0x21E6,,0x00FF,pickit-only
0x21E7,,0x00FF,pickit-only
0x21E8,,0x00FF,pickit-only
0x21E9,,0x00FF,pickit-only
0x21EA,,0x00FF,pickit-only
0x21EB,,0x00FF,pickit-only
0x21EC,,0x00FF,pickit-only
0x21ED,,0x00FF,pickit-only
0x21EE,,0x00FF,pickit-only
0x21EF,,0x00FF,pickit-only
0x21F0,,0x00FF,pickit-only
0x21F1,,0x00FF,pickit-only
0x21F2,,0x00FF,pickit-only
0x21F3,,0x00FF,pickit-only
0x21F4,,0x00FF,pickit-only
0x21F5,,0x00FF,pickit-only
0x21F6,,0x00FF,pickit-only
0x21F7,,0x00FF,pickit-only
0x21F8,,0x00FF,pickit-only
0x21F9,,0x00FF,pickit-only
0x21FA,,0x00FF,pickit-only
0x21FB,,0x00FF,pickit-only
0x21FC,,0x00FF,pickit-only
0x21FD,,0x00FF,pickit-only
0x21FE,,0x00FF,pickit-only
0x21FF,,0x00FF,pickit-only
