version,table,index,value,value_hex,symbol,section_offset
5.5.01,feedwheel,0,100,0x64,Bixby110FeedwheelCombustionAdjustments,0x3460
5.5.01,feedwheel,1,100,0x64,Bixby110FeedwheelCombustionAdjustments,0x3461
5.5.01,feedwheel,2,100,0x64,Bixby110FeedwheelCombustionAdjustments,0x3462
5.5.01,feedwheel,3,100,0x64,Bixby110FeedwheelCombustionAdjustments,0x3463
5.5.01,feedwheel,4,100,0x64,Bixby110FeedwheelCombustionAdjustments,0x3464
5.5.01,feedwheel,5,100,0x64,Bixby110FeedwheelCombustionAdjustments,0x3465
5.5.01,feedwheel,6,100,0x64,Bixby110FeedwheelCombustionAdjustments,0x3466
5.5.01,feedwheel,7,100,0x64,Bixby110FeedwheelCombustionAdjustments,0x3467
5.5.01,feedwheel,8,100,0x64,Bixby110FeedwheelCombustionAdjustments,0x3468
5.5.01,feedwheel,9,100,0x64,Bixby110FeedwheelCombustionAdjustments,0x3469
5.5.01,feedwheel,10,100,0x64,Bixby110FeedwheelCombustionAdjustments,0x346A
5.5.01,feedwheel,11,100,0x64,Bixby110FeedwheelCombustionAdjustments,0x346B
5.5.01,feedwheel,12,100,0x64,Bixby110FeedwheelCombustionAdjustments,0x346C
5.5.01,feedwheel,13,100,0x64,Bixby110FeedwheelCombustionAdjustments,0x346D
5.5.01,feedwheel,14,100,0x64,Bixby110FeedwheelCombustionAdjustments,0x346E
5.5.01,feedwheel,15,100,0x64,Bixby110FeedwheelCombustionAdjustments,0x346F
5.5.01,feedwheel,16,100,0x64,Bixby110FeedwheelCombustionAdjustments,0x3470
5.5.01,feedwheel,17,100,0x64,Bixby110FeedwheelCombustionAdjustments,0x3471
5.5.01,feedwheel,18,100,0x64,Bixby110FeedwheelCombustionAdjustments,0x3472
5.5.01,feedwheel,19,100,0x64,Bixby110FeedwheelCombustionAdjustments,0x3473
5.5.01,feedwheel,20,100,0x64,Bixby110FeedwheelCombustionAdjustments,0x3474
5.5.01,feedwheel,21,100,0x64,Bixby110FeedwheelCombustionAdjustments,0x3475
5.5.01,feedwheel,22,100,0x64,Bixby110FeedwheelCombustionAdjustments,0x3476
5.5.01,feedwheel,23,100,0x64,Bixby110FeedwheelCombustionAdjustments,0x3477
5.5.01,feedwheel,24,100,0x64,Bixby110FeedwheelCombustionAdjustments,0x3478
5.5.01,feedwheel,25,100,0x64,Bixby110FeedwheelCombustionAdjustments,0x3479
5.5.01,feedwheel,26,100,0x64,Bixby110FeedwheelCombustionAdjustments,0x347A
5.5.01,feedwheel,27,100,0x64,Bixby110FeedwheelCombustionAdjustments,0x347B
5.5.01,feedwheel,28,100,0x64,Bixby110FeedwheelCombustionAdjustments,0x347C
5.5.01,feedwheel,29,100,0x64,Bixby110FeedwheelCombustionAdjustments,0x347D
5.5.01,feedwheel,30,100,0x64,Bixby110FeedwheelCombustionAdjustments,0x347E
5.5.01,feedwheel,31,100,0x64,Bixby110FeedwheelCombustionAdjustments,0x347F
5.5.01,feedwheel,32,75,0x4B,Bixby110FeedwheelCombustionAdjustments,0x3480
5.5.01,feedwheel,33,75,0x4B,Bixby110FeedwheelCombustionAdjustments,0x3481
5.5.01,feedwheel,34,75,0x4B,Bixby110FeedwheelCombustionAdjustments,0x3482
5.5.01,feedwheel,35,75,0x4B,Bixby110FeedwheelCombustionAdjustments,0x3483
5.5.01,feedwheel,36,75,0x4B,Bixby110FeedwheelCombustionAdjustments,0x3484
5.5.01,feedwheel,37,75,0x4B,Bixby110FeedwheelCombustionAdjustments,0x3485
5.5.01,feedwheel,38,75,0x4B,Bixby110FeedwheelCombustionAdjustments,0x3486
5.5.01,feedwheel,39,75,0x4B,Bixby110FeedwheelCombustionAdjustments,0x3487
5.5.01,feedwheel,40,133,0x85,Bixby110FeedwheelCombustionAdjustments,0x3488
5.5.01,feedwheel,41,133,0x85,Bixby110FeedwheelCombustionAdjustments,0x3489
5.5.01,feedwheel,42,133,0x85,Bixby110FeedwheelCombustionAdjustments,0x348A
5.5.01,feedwheel,43,133,0x85,Bixby110FeedwheelCombustionAdjustments,0x348B
5.5.01,feedwheel,44,133,0x85,Bixby110FeedwheelCombustionAdjustments,0x348C
5.5.01,feedwheel,45,133,0x85,Bixby110FeedwheelCombustionAdjustments,0x348D
5.5.01,feedwheel,46,133,0x85,Bixby110FeedwheelCombustionAdjustments,0x348E
5.5.01,feedwheel,47,133,0x85,Bixby110FeedwheelCombustionAdjustments,0x348F
5.5.01,feedwheel,48,0,0x00,Bixby110FeedwheelCombustionAdjustments,0x3490
5.5.01,feedwheel,49,0,0x00,Bixby110FeedwheelCombustionAdjustments,0x3491
5.5.01,feedwheel,50,0,0x00,Bixby110FeedwheelCombustionAdjustments,0x3492
5.5.01,feedwheel,51,0,0x00,Bixby110FeedwheelCombustionAdjustments,0x3493
5.5.01,feedwheel,52,0,0x00,Bixby110FeedwheelCombustionAdjustments,0x3494
5.5.01,feedwheel,53,0,0x00,Bixby110FeedwheelCombustionAdjustments,0x3495
5.5.01,feedwheel,54,0,0x00,Bixby110FeedwheelCombustionAdjustments,0x3496
5.5.01,feedwheel,55,0,0x00,Bixby110FeedwheelCombustionAdjustments,0x3497
5.5.01,feedwheel,56,0,0x00,Bixby110FeedwheelCombustionAdjustments,0x3498
5.5.01,feedwheel,57,0,0x00,Bixby110FeedwheelCombustionAdjustments,0x3499
5.5.01,feedwheel,58,0,0x00,Bixby110FeedwheelCombustionAdjustments,0x349A
5.5.01,feedwheel,59,0,0x00,Bixby110FeedwheelCombustionAdjustments,0x349B
5.5.01,feedwheel,60,0,0x00,Bixby110FeedwheelCombustionAdjustments,0x349C
5.5.01,feedwheel,61,0,0x00,Bixby110FeedwheelCombustionAdjustments,0x349D
5.5.01,feedwheel,62,0,0x00,Bixby110FeedwheelCombustionAdjustments,0x349E
5.5.01,feedwheel,63,0,0x00,Bixby110FeedwheelCombustionAdjustments,0x349F
5.5.01,fan_curve,0,70,0x46,Bixby110FancurveCombustionAdjustments,0x34A0
5.5.01,fan_curve,1,70,0x46,Bixby110FancurveCombustionAdjustments,0x34A1
5.5.01,fan_curve,2,70,0x46,Bixby110FancurveCombustionAdjustments,0x34A2
5.5.01,fan_curve,3,70,0x46,Bixby110FancurveCombustionAdjustments,0x34A3
5.5.01,fan_curve,4,70,0x46,Bixby110FancurveCombustionAdjustments,0x34A4
5.5.01,fan_curve,5,70,0x46,Bixby110FancurveCombustionAdjustments,0x34A5
5.5.01,fan_curve,6,70,0x46,Bixby110FancurveCombustionAdjustments,0x34A6
5.5.01,fan_curve,7,70,0x46,Bixby110FancurveCombustionAdjustments,0x34A7
5.5.01,fan_curve,8,100,0x64,Bixby110FancurveCombustionAdjustments,0x34A8
5.5.01,fan_curve,9,100,0x64,Bixby110FancurveCombustionAdjustments,0x34A9
5.5.01,fan_curve,10,100,0x64,Bixby110FancurveCombustionAdjustments,0x34AA
5.5.01,fan_curve,11,100,0x64,Bixby110FancurveCombustionAdjustments,0x34AB
5.5.01,fan_curve,12,100,0x64,Bixby110FancurveCombustionAdjustments,0x34AC
5.5.01,fan_curve,13,100,0x64,Bixby110FancurveCombustionAdjustments,0x34AD
5.5.01,fan_curve,14,100,0x64,Bixby110FancurveCombustionAdjustments,0x34AE
5.5.01,fan_curve,15,100,0x64,Bixby110FancurveCombustionAdjustments,0x34AF
5.5.01,fan_curve,16,100,0x64,Bixby110FancurveCombustionAdjustments,0x34B0
5.5.01,fan_curve,17,100,0x64,Bixby110FancurveCombustionAdjustments,0x34B1
5.5.01,fan_curve,18,100,0x64,Bixby110FancurveCombustionAdjustments,0x34B2
5.5.01,fan_curve,19,100,0x64,Bixby110FancurveCombustionAdjustments,0x34B3
5.5.01,fan_curve,20,100,0x64,Bixby110FancurveCombustionAdjustments,0x34B4
5.5.01,fan_curve,21,100,0x64,Bixby110FancurveCombustionAdjustments,0x34B5
5.5.01,fan_curve,22,100,0x64,Bixby110FancurveCombustionAdjustments,0x34B6
5.5.01,fan_curve,23,100,0x64,Bixby110FancurveCombustionAdjustments,0x34B7
5.5.01,fan_curve,24,100,0x64,Bixby110FancurveCombustionAdjustments,0x34B8
5.5.01,fan_curve,25,100,0x64,Bixby110FancurveCombustionAdjustments,0x34B9
5.5.01,fan_curve,26,100,0x64,Bixby110FancurveCombustionAdjustments,0x34BA
5.5.01,fan_curve,27,100,0x64,Bixby110FancurveCombustionAdjustments,0x34BB
5.5.01,fan_curve,28,100,0x64,Bixby110FancurveCombustionAdjustments,0x34BC
5.5.01,fan_curve,29,100,0x64,Bixby110FancurveCombustionAdjustments,0x34BD
5.5.01,fan_curve,30,100,0x64,Bixby110FancurveCombustionAdjustments,0x34BE
5.5.01,fan_curve,31,100,0x64,Bixby110FancurveCombustionAdjustments,0x34BF
5.5.01,fan_curve,32,100,0x64,Bixby110FancurveCombustionAdjustments,0x34C0
5.5.01,fan_curve,33,100,0x64,Bixby110FancurveCombustionAdjustments,0x34C1
5.5.01,fan_curve,34,100,0x64,Bixby110FancurveCombustionAdjustments,0x34C2
5.5.01,fan_curve,35,100,0x64,Bixby110FancurveCombustionAdjustments,0x34C3
5.5.01,fan_curve,36,100,0x64,Bixby110FancurveCombustionAdjustments,0x34C4
5.5.01,fan_curve,37,100,0x64,Bixby110FancurveCombustionAdjustments,0x34C5
5.5.01,fan_curve,38,100,0x64,Bixby110FancurveCombustionAdjustments,0x34C6
5.5.01,fan_curve,39,100,0x64,Bixby110FancurveCombustionAdjustments,0x34C7
5.5.01,fan_curve,40,100,0x64,Bixby110FancurveCombustionAdjustments,0x34C8
5.5.01,fan_curve,41,100,0x64,Bixby110FancurveCombustionAdjustments,0x34C9
5.5.01,fan_curve,42,100,0x64,Bixby110FancurveCombustionAdjustments,0x34CA
5.5.01,fan_curve,43,100,0x64,Bixby110FancurveCombustionAdjustments,0x34CB
5.5.01,fan_curve,44,100,0x64,Bixby110FancurveCombustionAdjustments,0x34CC
5.5.01,fan_curve,45,100,0x64,Bixby110FancurveCombustionAdjustments,0x34CD
5.5.01,fan_curve,46,100,0x64,Bixby110FancurveCombustionAdjustments,0x34CE
5.5.01,fan_curve,47,100,0x64,Bixby110FancurveCombustionAdjustments,0x34CF
5.5.01,fan_curve,48,0,0x00,Bixby110FancurveCombustionAdjustments,0x34D0
5.5.01,fan_curve,49,0,0x00,Bixby110FancurveCombustionAdjustments,0x34D1
5.5.01,fan_curve,50,0,0x00,Bixby110FancurveCombustionAdjustments,0x34D2
5.5.01,fan_curve,51,0,0x00,Bixby110FancurveCombustionAdjustments,0x34D3
5.5.01,fan_curve,52,0,0x00,Bixby110FancurveCombustionAdjustments,0x34D4
5.5.01,fan_curve,53,0,0x00,Bixby110FancurveCombustionAdjustments,0x34D5
5.5.01,fan_curve,54,0,0x00,Bixby110FancurveCombustionAdjustments,0x34D6
5.5.01,fan_curve,55,0,0x00,Bixby110FancurveCombustionAdjustments,0x34D7
5.5.01,fan_curve,56,0,0x00,Bixby110FancurveCombustionAdjustments,0x34D8
5.5.01,fan_curve,57,0,0x00,Bixby110FancurveCombustionAdjustments,0x34D9
5.5.01,fan_curve,58,0,0x00,Bixby110FancurveCombustionAdjustments,0x34DA
5.5.01,fan_curve,59,0,0x00,Bixby110FancurveCombustionAdjustments,0x34DB
5.5.01,fan_curve,60,0,0x00,Bixby110FancurveCombustionAdjustments,0x34DC
5.5.01,fan_curve,61,0,0x00,Bixby110FancurveCombustionAdjustments,0x34DD
5.5.01,fan_curve,62,0,0x00,Bixby110FancurveCombustionAdjustments,0x34DE
5.5.01,fan_curve,63,0,0x00,Bixby110FancurveCombustionAdjustments,0x34DF
5.5.01,fuel_type,0,100,0x64,Bixby110FueltypeCombustionAdjustments,0x34E0
5.5.01,fuel_type,1,100,0x64,Bixby110FueltypeCombustionAdjustments,0x34E1
5.5.01,fuel_type,2,100,0x64,Bixby110FueltypeCombustionAdjustments,0x34E2
5.5.01,fuel_type,3,100,0x64,Bixby110FueltypeCombustionAdjustments,0x34E3
5.5.01,fuel_type,4,100,0x64,Bixby110FueltypeCombustionAdjustments,0x34E4
5.5.01,fuel_type,5,100,0x64,Bixby110FueltypeCombustionAdjustments,0x34E5
5.5.01,fuel_type,6,100,0x64,Bixby110FueltypeCombustionAdjustments,0x34E6
5.5.01,fuel_type,7,100,0x64,Bixby110FueltypeCombustionAdjustments,0x34E7
5.5.01,fuel_type,8,100,0x64,Bixby110FueltypeCombustionAdjustments,0x34E8
5.5.01,fuel_type,9,103,0x67,Bixby110FueltypeCombustionAdjustments,0x34E9
5.5.01,fuel_type,10,106,0x6A,Bixby110FueltypeCombustionAdjustments,0x34EA
5.5.01,fuel_type,11,109,0x6D,Bixby110FueltypeCombustionAdjustments,0x34EB
5.5.01,fuel_type,12,112,0x70,Bixby110FueltypeCombustionAdjustments,0x34EC
5.5.01,fuel_type,13,115,0x73,Bixby110FueltypeCombustionAdjustments,0x34ED
5.5.01,fuel_type,14,118,0x76,Bixby110FueltypeCombustionAdjustments,0x34EE
5.5.01,fuel_type,15,121,0x79,Bixby110FueltypeCombustionAdjustments,0x34EF
5.5.01,fuel_type,16,18,0x12,Bixby110FueltypeCombustionAdjustments,0x34F0
5.5.01,fuel_type,17,18,0x12,Bixby110FueltypeCombustionAdjustments,0x34F1
5.5.01,fuel_type,18,18,0x12,Bixby110FueltypeCombustionAdjustments,0x34F2
5.5.01,fuel_type,19,18,0x12,Bixby110FueltypeCombustionAdjustments,0x34F3
5.5.01,fuel_type,20,18,0x12,Bixby110FueltypeCombustionAdjustments,0x34F4
5.5.01,fuel_type,21,18,0x12,Bixby110FueltypeCombustionAdjustments,0x34F5
5.5.01,fuel_type,22,18,0x12,Bixby110FueltypeCombustionAdjustments,0x34F6
5.5.01,fuel_type,23,18,0x12,Bixby110FueltypeCombustionAdjustments,0x34F7
5.5.01,fuel_type,24,100,0x64,Bixby110FueltypeCombustionAdjustments,0x34F8
5.5.01,fuel_type,25,100,0x64,Bixby110FueltypeCombustionAdjustments,0x34F9
5.5.01,fuel_type,26,100,0x64,Bixby110FueltypeCombustionAdjustments,0x34FA
5.5.01,fuel_type,27,100,0x64,Bixby110FueltypeCombustionAdjustments,0x34FB
5.5.01,fuel_type,28,100,0x64,Bixby110FueltypeCombustionAdjustments,0x34FC
5.5.01,fuel_type,29,100,0x64,Bixby110FueltypeCombustionAdjustments,0x34FD
5.5.01,fuel_type,30,100,0x64,Bixby110FueltypeCombustionAdjustments,0x34FE
5.5.01,fuel_type,31,100,0x64,Bixby110FueltypeCombustionAdjustments,0x34FF
5.5.01,fuel_type,32,85,0x55,Bixby110FueltypeCombustionAdjustments,0x3500
5.5.01,fuel_type,33,85,0x55,Bixby110FueltypeCombustionAdjustments,0x3501
5.5.01,fuel_type,34,85,0x55,Bixby110FueltypeCombustionAdjustments,0x3502
5.5.01,fuel_type,35,85,0x55,Bixby110FueltypeCombustionAdjustments,0x3503
5.5.01,fuel_type,36,85,0x55,Bixby110FueltypeCombustionAdjustments,0x3504
5.5.01,fuel_type,37,85,0x55,Bixby110FueltypeCombustionAdjustments,0x3505
5.5.01,fuel_type,38,85,0x55,Bixby110FueltypeCombustionAdjustments,0x3506
5.5.01,fuel_type,39,85,0x55,Bixby110FueltypeCombustionAdjustments,0x3507
5.5.01,fuel_type,40,145,0x91,Bixby110FueltypeCombustionAdjustments,0x3508
5.5.01,fuel_type,41,145,0x91,Bixby110FueltypeCombustionAdjustments,0x3509
5.5.01,fuel_type,42,145,0x91,Bixby110FueltypeCombustionAdjustments,0x350A
5.5.01,fuel_type,43,145,0x91,Bixby110FueltypeCombustionAdjustments,0x350B
5.5.01,fuel_type,44,145,0x91,Bixby110FueltypeCombustionAdjustments,0x350C
5.5.01,fuel_type,45,145,0x91,Bixby110FueltypeCombustionAdjustments,0x350D
5.5.01,fuel_type,46,145,0x91,Bixby110FueltypeCombustionAdjustments,0x350E
5.5.01,fuel_type,47,145,0x91,Bixby110FueltypeCombustionAdjustments,0x350F
5.5.01,fuel_type,48,115,0x73,Bixby110FueltypeCombustionAdjustments,0x3510
5.5.01,fuel_type,49,115,0x73,Bixby110FueltypeCombustionAdjustments,0x3511
5.5.01,fuel_type,50,115,0x73,Bixby110FueltypeCombustionAdjustments,0x3512
5.5.01,fuel_type,51,115,0x73,Bixby110FueltypeCombustionAdjustments,0x3513
5.5.01,fuel_type,52,115,0x73,Bixby110FueltypeCombustionAdjustments,0x3514
5.5.01,fuel_type,53,115,0x73,Bixby110FueltypeCombustionAdjustments,0x3515
5.5.01,fuel_type,54,115,0x73,Bixby110FueltypeCombustionAdjustments,0x3516
5.5.01,fuel_type,55,115,0x73,Bixby110FueltypeCombustionAdjustments,0x3517
5.5.01,fuel_type,56,120,0x78,Bixby110FueltypeCombustionAdjustments,0x3518
5.5.01,fuel_type,57,120,0x78,Bixby110FueltypeCombustionAdjustments,0x3519
5.5.01,fuel_type,58,120,0x78,Bixby110FueltypeCombustionAdjustments,0x351A
5.5.01,fuel_type,59,120,0x78,Bixby110FueltypeCombustionAdjustments,0x351B
5.5.01,fuel_type,60,120,0x78,Bixby110FueltypeCombustionAdjustments,0x351C
5.5.01,fuel_type,61,120,0x78,Bixby110FueltypeCombustionAdjustments,0x351D
5.5.01,fuel_type,62,120,0x78,Bixby110FueltypeCombustionAdjustments,0x351E
5.5.01,fuel_type,63,120,0x78,Bixby110FueltypeCombustionAdjustments,0x351F
5.5.01,fuel_type,64,30,0x1E,Bixby110FueltypeCombustionAdjustments,0x3520
5.5.01,fuel_type,65,30,0x1E,Bixby110FueltypeCombustionAdjustments,0x3521
5.5.01,fuel_type,66,30,0x1E,Bixby110FueltypeCombustionAdjustments,0x3522
5.5.01,fuel_type,67,30,0x1E,Bixby110FueltypeCombustionAdjustments,0x3523
5.5.01,fuel_type,68,30,0x1E,Bixby110FueltypeCombustionAdjustments,0x3524
5.5.01,fuel_type,69,30,0x1E,Bixby110FueltypeCombustionAdjustments,0x3525
5.5.01,fuel_type,70,30,0x1E,Bixby110FueltypeCombustionAdjustments,0x3526
5.5.01,fuel_type,71,30,0x1E,Bixby110FueltypeCombustionAdjustments,0x3527
5.5.01,fuel_type,72,115,0x73,Bixby110FueltypeCombustionAdjustments,0x3528
5.5.01,fuel_type,73,115,0x73,Bixby110FueltypeCombustionAdjustments,0x3529
5.5.01,fuel_type,74,115,0x73,Bixby110FueltypeCombustionAdjustments,0x352A
5.5.01,fuel_type,75,115,0x73,Bixby110FueltypeCombustionAdjustments,0x352B
5.5.01,fuel_type,76,115,0x73,Bixby110FueltypeCombustionAdjustments,0x352C
5.5.01,fuel_type,77,115,0x73,Bixby110FueltypeCombustionAdjustments,0x352D
5.5.01,fuel_type,78,115,0x73,Bixby110FueltypeCombustionAdjustments,0x352E
5.5.01,fuel_type,79,115,0x73,Bixby110FueltypeCombustionAdjustments,0x352F
5.5.01,fuel_type,80,85,0x55,Bixby110FueltypeCombustionAdjustments,0x3530
5.5.01,fuel_type,81,85,0x55,Bixby110FueltypeCombustionAdjustments,0x3531
5.5.01,fuel_type,82,85,0x55,Bixby110FueltypeCombustionAdjustments,0x3532
5.5.01,fuel_type,83,85,0x55,Bixby110FueltypeCombustionAdjustments,0x3533
5.5.01,fuel_type,84,85,0x55,Bixby110FueltypeCombustionAdjustments,0x3534
5.5.01,fuel_type,85,85,0x55,Bixby110FueltypeCombustionAdjustments,0x3535
5.5.01,fuel_type,86,85,0x55,Bixby110FueltypeCombustionAdjustments,0x3536
5.5.01,fuel_type,87,85,0x55,Bixby110FueltypeCombustionAdjustments,0x3537
5.5.01,fuel_type,88,10,0x0A,Bixby110FueltypeCombustionAdjustments,0x3538
5.5.01,fuel_type,89,10,0x0A,Bixby110FueltypeCombustionAdjustments,0x3539
5.5.01,fuel_type,90,10,0x0A,Bixby110FueltypeCombustionAdjustments,0x353A
5.5.01,fuel_type,91,10,0x0A,Bixby110FueltypeCombustionAdjustments,0x353B
5.5.01,fuel_type,92,10,0x0A,Bixby110FueltypeCombustionAdjustments,0x353C
5.5.01,fuel_type,93,10,0x0A,Bixby110FueltypeCombustionAdjustments,0x353D
5.5.01,fuel_type,94,10,0x0A,Bixby110FueltypeCombustionAdjustments,0x353E
5.5.01,fuel_type,95,10,0x0A,Bixby110FueltypeCombustionAdjustments,0x353F
5.5.01,fuel_type,96,130,0x82,Bixby110FueltypeCombustionAdjustments,0x3540
5.5.01,fuel_type,97,126,0x7E,Bixby110FueltypeCombustionAdjustments,0x3541
5.5.01,fuel_type,98,122,0x7A,Bixby110FueltypeCombustionAdjustments,0x3542
5.5.01,fuel_type,99,118,0x76,Bixby110FueltypeCombustionAdjustments,0x3543
5.5.01,fuel_type,100,113,0x71,Bixby110FueltypeCombustionAdjustments,0x3544
5.5.01,fuel_type,101,109,0x6D,Bixby110FueltypeCombustionAdjustments,0x3545
5.5.01,fuel_type,102,105,0x69,Bixby110FueltypeCombustionAdjustments,0x3546
5.5.01,fuel_type,103,100,0x64,Bixby110FueltypeCombustionAdjustments,0x3547
5.5.01,fuel_type,104,100,0x64,Bixby110FueltypeCombustionAdjustments,0x3548
5.5.01,fuel_type,105,100,0x64,Bixby110FueltypeCombustionAdjustments,0x3549
5.5.01,fuel_type,106,100,0x64,Bixby110FueltypeCombustionAdjustments,0x354A
5.5.01,fuel_type,107,100,0x64,Bixby110FueltypeCombustionAdjustments,0x354B
5.5.01,fuel_type,108,100,0x64,Bixby110FueltypeCombustionAdjustments,0x354C
5.5.01,fuel_type,109,100,0x64,Bixby110FueltypeCombustionAdjustments,0x354D
5.5.01,fuel_type,110,100,0x64,Bixby110FueltypeCombustionAdjustments,0x354E
5.5.01,fuel_type,111,100,0x64,Bixby110FueltypeCombustionAdjustments,0x354F
5.5.01,fuel_type,112,9,0x09,Bixby110FueltypeCombustionAdjustments,0x3550
5.5.01,fuel_type,113,9,0x09,Bixby110FueltypeCombustionAdjustments,0x3551
5.5.01,fuel_type,114,9,0x09,Bixby110FueltypeCombustionAdjustments,0x3552
5.5.01,fuel_type,115,9,0x09,Bixby110FueltypeCombustionAdjustments,0x3553
5.5.01,fuel_type,116,9,0x09,Bixby110FueltypeCombustionAdjustments,0x3554
5.5.01,fuel_type,117,9,0x09,Bixby110FueltypeCombustionAdjustments,0x3555
5.5.01,fuel_type,118,9,0x09,Bixby110FueltypeCombustionAdjustments,0x3556
5.5.01,fuel_type,119,9,0x09,Bixby110FueltypeCombustionAdjustments,0x3557
5.5.01,fuel_type,120,0,0x00,Bixby110FueltypeCombustionAdjustments,0x3558
5.5.01,fuel_type,121,0,0x00,Bixby110FueltypeCombustionAdjustments,0x3559
5.5.01,fuel_type,122,0,0x00,Bixby110FueltypeCombustionAdjustments,0x355A
5.5.01,fuel_type,123,0,0x00,Bixby110FueltypeCombustionAdjustments,0x355B
5.5.01,fuel_type,124,0,0x00,Bixby110FueltypeCombustionAdjustments,0x355C
5.5.01,fuel_type,125,0,0x00,Bixby110FueltypeCombustionAdjustments,0x355D
5.5.01,fuel_type,126,0,0x00,Bixby110FueltypeCombustionAdjustments,0x355E
5.5.01,fuel_type,127,0,0x00,Bixby110FueltypeCombustionAdjustments,0x355F
5.5.01,altitude,0,100,0x64,Bixby110AltitudeCombustionAdjustments,0x3560
5.5.01,altitude,1,100,0x64,Bixby110AltitudeCombustionAdjustments,0x3561
5.5.01,altitude,2,100,0x64,Bixby110AltitudeCombustionAdjustments,0x3562
5.5.01,altitude,3,100,0x64,Bixby110AltitudeCombustionAdjustments,0x3563
5.5.01,altitude,4,100,0x64,Bixby110AltitudeCombustionAdjustments,0x3564
5.5.01,altitude,5,100,0x64,Bixby110AltitudeCombustionAdjustments,0x3565
5.5.01,altitude,6,100,0x64,Bixby110AltitudeCombustionAdjustments,0x3566
5.5.01,altitude,7,100,0x64,Bixby110AltitudeCombustionAdjustments,0x3567
5.5.01,altitude,8,100,0x64,Bixby110AltitudeCombustionAdjustments,0x3568
5.5.01,altitude,9,100,0x64,Bixby110AltitudeCombustionAdjustments,0x3569
5.5.01,altitude,10,100,0x64,Bixby110AltitudeCombustionAdjustments,0x356A
5.5.01,altitude,11,100,0x64,Bixby110AltitudeCombustionAdjustments,0x356B
5.5.01,altitude,12,100,0x64,Bixby110AltitudeCombustionAdjustments,0x356C
5.5.01,altitude,13,100,0x64,Bixby110AltitudeCombustionAdjustments,0x356D
5.5.01,altitude,14,100,0x64,Bixby110AltitudeCombustionAdjustments,0x356E
5.5.01,altitude,15,100,0x64,Bixby110AltitudeCombustionAdjustments,0x356F
5.5.01,altitude,16,100,0x64,Bixby110AltitudeCombustionAdjustments,0x3570
5.5.01,altitude,17,100,0x64,Bixby110AltitudeCombustionAdjustments,0x3571
5.5.01,altitude,18,100,0x64,Bixby110AltitudeCombustionAdjustments,0x3572
5.5.01,altitude,19,100,0x64,Bixby110AltitudeCombustionAdjustments,0x3573
5.5.01,altitude,20,100,0x64,Bixby110AltitudeCombustionAdjustments,0x3574
5.5.01,altitude,21,100,0x64,Bixby110AltitudeCombustionAdjustments,0x3575
5.5.01,altitude,22,100,0x64,Bixby110AltitudeCombustionAdjustments,0x3576
5.5.01,altitude,23,100,0x64,Bixby110AltitudeCombustionAdjustments,0x3577
5.5.01,altitude,24,125,0x7D,Bixby110AltitudeCombustionAdjustments,0x3578
5.5.01,altitude,25,125,0x7D,Bixby110AltitudeCombustionAdjustments,0x3579
5.5.01,altitude,26,125,0x7D,Bixby110AltitudeCombustionAdjustments,0x357A
5.5.01,altitude,27,125,0x7D,Bixby110AltitudeCombustionAdjustments,0x357B
5.5.01,altitude,28,125,0x7D,Bixby110AltitudeCombustionAdjustments,0x357C
5.5.01,altitude,29,125,0x7D,Bixby110AltitudeCombustionAdjustments,0x357D
5.5.01,altitude,30,125,0x7D,Bixby110AltitudeCombustionAdjustments,0x357E
5.5.01,altitude,31,125,0x7D,Bixby110AltitudeCombustionAdjustments,0x357F
5.5.01,altitude,32,100,0x64,Bixby110AltitudeCombustionAdjustments,0x3580
5.5.01,altitude,33,100,0x64,Bixby110AltitudeCombustionAdjustments,0x3581
5.5.01,altitude,34,100,0x64,Bixby110AltitudeCombustionAdjustments,0x3582
5.5.01,altitude,35,100,0x64,Bixby110AltitudeCombustionAdjustments,0x3583
5.5.01,altitude,36,100,0x64,Bixby110AltitudeCombustionAdjustments,0x3584
5.5.01,altitude,37,100,0x64,Bixby110AltitudeCombustionAdjustments,0x3585
5.5.01,altitude,38,100,0x64,Bixby110AltitudeCombustionAdjustments,0x3586
5.5.01,altitude,39,100,0x64,Bixby110AltitudeCombustionAdjustments,0x3587
5.5.01,altitude,40,100,0x64,Bixby110AltitudeCombustionAdjustments,0x3588
5.5.01,altitude,41,100,0x64,Bixby110AltitudeCombustionAdjustments,0x3589
5.5.01,altitude,42,100,0x64,Bixby110AltitudeCombustionAdjustments,0x358A
5.5.01,altitude,43,100,0x64,Bixby110AltitudeCombustionAdjustments,0x358B
5.5.01,altitude,44,100,0x64,Bixby110AltitudeCombustionAdjustments,0x358C
5.5.01,altitude,45,100,0x64,Bixby110AltitudeCombustionAdjustments,0x358D
5.5.01,altitude,46,100,0x64,Bixby110AltitudeCombustionAdjustments,0x358E
5.5.01,altitude,47,100,0x64,Bixby110AltitudeCombustionAdjustments,0x358F
5.5.01,altitude,48,150,0x96,Bixby110AltitudeCombustionAdjustments,0x3590
5.5.01,altitude,49,150,0x96,Bixby110AltitudeCombustionAdjustments,0x3591
5.5.01,altitude,50,150,0x96,Bixby110AltitudeCombustionAdjustments,0x3592
5.5.01,altitude,51,150,0x96,Bixby110AltitudeCombustionAdjustments,0x3593
5.5.01,altitude,52,150,0x96,Bixby110AltitudeCombustionAdjustments,0x3594
5.5.01,altitude,53,150,0x96,Bixby110AltitudeCombustionAdjustments,0x3595
5.5.01,altitude,54,150,0x96,Bixby110AltitudeCombustionAdjustments,0x3596
5.5.01,altitude,55,150,0x96,Bixby110AltitudeCombustionAdjustments,0x3597
5.5.01,altitude,56,100,0x64,Bixby110AltitudeCombustionAdjustments,0x3598
5.5.01,altitude,57,100,0x64,Bixby110AltitudeCombustionAdjustments,0x3599
5.5.01,altitude,58,100,0x64,Bixby110AltitudeCombustionAdjustments,0x359A
5.5.01,altitude,59,100,0x64,Bixby110AltitudeCombustionAdjustments,0x359B
5.5.01,altitude,60,100,0x64,Bixby110AltitudeCombustionAdjustments,0x359C
5.5.01,altitude,61,100,0x64,Bixby110AltitudeCombustionAdjustments,0x359D
5.5.01,altitude,62,100,0x64,Bixby110AltitudeCombustionAdjustments,0x359E
5.5.01,altitude,63,100,0x64,Bixby110AltitudeCombustionAdjustments,0x359F
5.5.01,altitude,64,100,0x64,Bixby110AltitudeCombustionAdjustments,0x35A0
5.5.01,altitude,65,100,0x64,Bixby110AltitudeCombustionAdjustments,0x35A1
5.5.01,altitude,66,100,0x64,Bixby110AltitudeCombustionAdjustments,0x35A2
5.5.01,altitude,67,100,0x64,Bixby110AltitudeCombustionAdjustments,0x35A3
5.5.01,altitude,68,100,0x64,Bixby110AltitudeCombustionAdjustments,0x35A4
5.5.01,altitude,69,100,0x64,Bixby110AltitudeCombustionAdjustments,0x35A5
5.5.01,altitude,70,100,0x64,Bixby110AltitudeCombustionAdjustments,0x35A6
5.5.01,altitude,71,100,0x64,Bixby110AltitudeCombustionAdjustments,0x35A7
5.5.01,altitude,72,0,0x00,Bixby110AltitudeCombustionAdjustments,0x35A8
5.5.01,altitude,73,0,0x00,Bixby110AltitudeCombustionAdjustments,0x35A9
5.5.01,altitude,74,0,0x00,Bixby110AltitudeCombustionAdjustments,0x35AA
5.5.01,altitude,75,0,0x00,Bixby110AltitudeCombustionAdjustments,0x35AB
5.5.01,altitude,76,0,0x00,Bixby110AltitudeCombustionAdjustments,0x35AC
5.5.01,altitude,77,0,0x00,Bixby110AltitudeCombustionAdjustments,0x35AD
5.5.01,altitude,78,0,0x00,Bixby110AltitudeCombustionAdjustments,0x35AE
5.5.01,altitude,79,0,0x00,Bixby110AltitudeCombustionAdjustments,0x35AF
5.5.01,altitude,80,0,0x00,Bixby110AltitudeCombustionAdjustments,0x35B0
5.5.01,altitude,81,0,0x00,Bixby110AltitudeCombustionAdjustments,0x35B1
5.5.01,altitude,82,0,0x00,Bixby110AltitudeCombustionAdjustments,0x35B2
5.5.01,altitude,83,0,0x00,Bixby110AltitudeCombustionAdjustments,0x35B3
5.5.01,altitude,84,0,0x00,Bixby110AltitudeCombustionAdjustments,0x35B4
5.5.01,altitude,85,0,0x00,Bixby110AltitudeCombustionAdjustments,0x35B5
5.5.01,altitude,86,0,0x00,Bixby110AltitudeCombustionAdjustments,0x35B6
5.5.01,altitude,87,0,0x00,Bixby110AltitudeCombustionAdjustments,0x35B7
5.5.01,altitude,88,0,0x00,Bixby110AltitudeCombustionAdjustments,0x35B8
5.5.01,altitude,89,0,0x00,Bixby110AltitudeCombustionAdjustments,0x35B9
5.5.01,altitude,90,0,0x00,Bixby110AltitudeCombustionAdjustments,0x35BA
5.5.01,altitude,91,0,0x00,Bixby110AltitudeCombustionAdjustments,0x35BB
5.5.01,altitude,92,0,0x00,Bixby110AltitudeCombustionAdjustments,0x35BC
5.5.01,altitude,93,0,0x00,Bixby110AltitudeCombustionAdjustments,0x35BD
5.5.01,altitude,94,0,0x00,Bixby110AltitudeCombustionAdjustments,0x35BE
5.5.01,altitude,95,0,0x00,Bixby110AltitudeCombustionAdjustments,0x35BF
