word_address,value,printable
0x2100,0xEF,
0x2101,0xCE,
0x2102,0x04,
0x2103,0x32,2
0x2104,0x30,0
0x2105,0x36,6
0x2106,0x30,0
0x2107,0x00,
0x2108,0x00,
0x2109,0x00,
0x210A,0x00,
0x210B,0x30,0
0x210C,0x31,1
0x210D,0x31,1
0x210E,0x30,0
0x210F,0x32,2
0x2110,0x30,0
0x2111,0x30,0
0x2112,0x37,7
0x2113,0x42,B
0x2114,0x69,i
0x2115,0x78,x
0x2116,0x62,b
0x2117,0x79,y
0x2118,0x20, 
0x2119,0x4D,M
0x211A,0x6F,o
0x211B,0x64,d
0x211C,0x65,e
0x211D,0x6C,l
0x211E,0x20, 
0x211F,0x31,1
0x2120,0x31,1
0x2121,0x35,5
0x2122,0x00,
0x2123,0xFF,
0x2124,0xFF,
0x2125,0xFF,
0x2126,0xFF,
0x2127,0xFF,
0x2128,0xFF,
0x2129,0xFF,
0x212A,0xFF,
0x212B,0xFF,
0x212C,0xFF,
0x212D,0xFF,
0x212E,0xFF,
0x212F,0xFF,
0x2130,0x46,F
0x2131,0x46,F
0x2132,0x46,F
0x2133,0x46,F
0x2134,0x46,F
0x2135,0x46,F
0x2136,0x46,F
0x2137,0x46,F
0x2138,0x64,d
0x2139,0x64,d
0x213A,0x64,d
0x213B,0x64,d
0x213C,0x64,d
0x213D,0x64,d
0x213E,0x64,d
0x213F,0x64,d
0x2140,0x20, 
0x2141,0x20, 
0x2142,0x20, 
0x2143,0x20, 
0x2144,0x20, 
0x2145,0x20, 
0x2146,0x20, 
0x2147,0x20, 
0x2148,0x46,F
0x2149,0x64,d
0x214A,0x46,F
0x214B,0x55,U
0x214C,0x64,d
0x214D,0x50,P
0x214E,0x50,P
0x214F,0x50,P
0x2150,0x50,P
0x2151,0x50,P
0x2152,0x50,P
0x2153,0x50,P
0x2154,0x50,P
0x2155,0x55,U
0x2156,0x55,U
0x2157,0x55,U
0x2158,0x55,U
0x2159,0x55,U
0x215A,0x55,U
0x215B,0x55,U
0x215C,0x55,U
0x215D,0x11,
0x215E,0x11,
0x215F,0x11,
0x2160,0x11,
0x2161,0x11,
0x2162,0x11,
0x2163,0x11,
0x2164,0x11,
0x2165,0x50,P
0x2166,0x55,U
0x2167,0x50,P
0x2168,0x55,U
0x2169,0x4B,K
0x216A,0xFF,
0x216B,0xFF,
0x216C,0xFF,
0x216D,0xFF,
0x216E,0xFF,
0x216F,0xFF,
0x2170,0xFF,
0x2171,0xFF,
0x2172,0xFF,
0x2173,0xFF,
0x2174,0xFF,
0x2175,0xFF,
0x2176,0xFF,
0x2177,0xFF,
0x2178,0xFF,
0x2179,0xFF,
0x217A,0xFF,
0x217B,0xFF,
0x217C,0xFF,
0x217D,0xFF,
0x217E,0xFF,
0x217F,0xFF,
0x2180,0xFF,
0x2181,0xFF,
0x2182,0xFF,
0x2183,0xFF,
0x2184,0xFF,
0x2185,0xFF,
0x2186,0xFF,
0x2187,0xFF,
0x2188,0xFF,
0x2189,0xFF,
0x218A,0xFF,
0x218B,0xFF,
0x218C,0xFF,
0x218D,0xFF,
0x218E,0xFF,
0x218F,0xFF,
0x2190,0xFF,
0x2191,0xFF,
0x2192,0xFF,
0x2193,0xFF,
0x2194,0xFF,
0x2195,0xFF,
0x2196,0xFF,
0x2197,0xFF,
0x2198,0xFF,
0x2199,0xFF,
0x219A,0xFF,
0x219B,0xFF,
0x219C,0xFF,
0x219D,0xFF,
0x219E,0xFF,
0x219F,0xFF,
0x21A0,0xFF,
0x21A1,0xFF,
0x21A2,0xFF,
0x21A3,0xFF,
0x21A4,0xFF,
0x21A5,0xFF,
0x21A6,0xFF,
0x21A7,0xFF,
0x21A8,0xFF,
0x21A9,0xFF,
0x21AA,0xFF,
0x21AB,0xFF,
0x21AC,0xFF,
0x21AD,0xFF,
0x21AE,0xFF,
0x21AF,0xFF,
0x21B0,0xFF,
0x21B1,0xFF,
0x21B2,0xFF,
0x21B3,0xFF,
0x21B4,0xFF,
0x21B5,0xFF,
0x21B6,0xFF,
0x21B7,0xFF,
0x21B8,0xFF,
0x21B9,0xFF,
0x21BA,0xFF,
0x21BB,0xFF,
0x21BC,0xFF,
0x21BD,0xFF,
0x21BE,0xFF,
0x21BF,0xFF,
0x21C0,0xFF,
0x21C1,0xFF,
0x21C2,0xFF,
0x21C3,0xFF,
0x21C4,0xFF,
0x21C5,0xFF,
0x21C6,0xFF,
0x21C7,0xFF,
0x21C8,0xFF,
0x21C9,0xFF,
0x21CA,0xFF,
0x21CB,0xFF,
0x21CC,0xFF,
0x21CD,0xFF,
0x21CE,0xFF,
0x21CF,0xFF,
0x21D0,0xFF,
0x21D1,0xFF,
0x21D2,0xFF,
0x21D3,0xFF,
0x21D4,0xFF,
0x21D5,0xFF,
0x21D6,0xFF,
0x21D7,0xFF,
0x21D8,0xFF,
0x21D9,0xFF,
0x21DA,0xFF,
0x21DB,0xFF,
0x21DC,0xFF,
0x21DD,0xFF,
0x21DE,0xFF,
0x21DF,0xFF,
0x21E0,0xFF,
0x21E1,0xFF,
0x21E2,0xFF,
0x21E3,0xFF,
0x21E4,0xFF,
0x21E5,0xFF,
0x21E6,0xFF,
0x21E7,0xFF,
0x21E8,0xFF,
0x21E9,0xFF,
0x21EA,0xFF,
0x21EB,0xFF,
0x21EC,0xFF,
0x21ED,0xFF,
0x21EE,0xFF,
0x21EF,0xFF,
0x21F0,0xFF,
0x21F1,0xFF,
0x21F2,0xFF,
0x21F3,0xFF,
0x21F4,0xFF,
0x21F5,0xFF,
0x21F6,0xFF,
0x21F7,0xFF,
0x21F8,0xFF,
0x21F9,0xFF,
0x21FA,0xFF,
0x21FB,0xFF,
0x21FC,0xFF,
0x21FD,0xFF,
0x21FE,0xFF,
0x21FF,0xFF,
