version,request,ordinal,command_step,pc,action,address,name,value,via
2.06,CR00,1,574,0x1153,write,0x053,RAM_0x053,0x00,direct
2.06,CR00,2,575,0x1154,read,0x003,STATUS,0x1C,direct
2.06,CR00,3,575,0x1154,write,0x003,STATUS,0x3C,direct
2.06,CR01,1,574,0x1156,read,0x053,RAM_0x053,0x00,direct
2.06,CR01,2,575,0x1157,read,0x003,STATUS,0x1C,direct
2.06,CR01,3,575,0x1157,write,0x003,STATUS,0x3C,direct
2.06,CR01,4,576,0x1158,write,0x0CD,RAM_0x0CD,0x00,direct
2.06,CR02,1,574,0x115A,read,0x00A,PCLATH,0x12,direct
2.06,CR02,2,574,0x115A,write,0x00A,PCLATH,0x02,direct
2.06,CR02,3,575,0x115B,read,0x00A,PCLATH,0x02,direct
2.06,CR02,4,575,0x115B,write,0x00A,PCLATH,0x0A,direct
2.06,CR02,5,577,0x0EFF,read,0x00B,INTCON,0xD4,direct
2.06,CR02,6,577,0x0EFF,write,0x00B,INTCON,0x94,direct
2.06,CR02,7,578,0x0F00,read,0x00B,INTCON,0x94,direct
2.06,CR02,8,578,0x0F00,write,0x00B,INTCON,0x14,direct
2.06,CR02,9,579,0x0F01,read,0x00B,INTCON,0x14,direct
2.06,CR02,10,581,0x0F04,read,0x008,PORTD,0x04,direct
2.06,CR02,11,581,0x0F04,write,0x008,PORTD,0x04,direct
2.06,CR02,12,583,0x0F06,read,0x008,PORTD,0x04,direct
2.06,CR02,13,583,0x0F06,write,0x008,PORTD,0x84,direct
2.06,CR02,14,584,0x0F07,read,0x051,RAM_0x051,0x00,direct
2.06,CR02,15,584,0x0F07,write,0x051,RAM_0x051,0x00,direct
2.06,CR02,16,585,0x0F08,read,0x008,PORTD,0x84,direct
2.06,CR02,17,587,0x0F0B,read,0x008,PORTD,0x84,direct
2.06,CR02,18,587,0x0F0B,write,0x008,PORTD,0xA4,direct
2.06,CR02,19,588,0x0F0C,read,0x051,RAM_0x051,0x00,direct
2.06,CR02,20,588,0x0F0C,write,0x051,RAM_0x051,0x00,direct
2.06,CR02,21,589,0x0F0D,read,0x008,PORTD,0xA4,direct
2.06,CR02,22,591,0x0F10,read,0x008,PORTD,0xA4,direct
2.06,CR02,23,591,0x0F10,write,0x008,PORTD,0xC4,direct
2.06,CR02,24,592,0x0F11,read,0x051,RAM_0x051,0x00,direct
2.06,CR02,25,592,0x0F11,write,0x051,RAM_0x051,0x00,direct
2.06,CR02,26,593,0x0F12,read,0x008,PORTD,0xC4,direct
2.06,CR02,27,595,0x0F15,read,0x00B,INTCON,0x14,direct
2.06,CR02,28,595,0x0F15,write,0x00B,INTCON,0xD4,direct
2.06,CR02,29,597,0x115D,read,0x00A,PCLATH,0x0A,direct
2.06,CR02,30,597,0x115D,write,0x00A,PCLATH,0x1A,direct
2.06,CR02,31,598,0x115E,read,0x00A,PCLATH,0x1A,direct
2.06,CR02,32,598,0x115E,write,0x00A,PCLATH,0x12,direct
2.06,CR02,33,599,0x115F,read,0x003,STATUS,0x18,direct
2.06,CR02,34,599,0x115F,write,0x003,STATUS,0x38,direct
2.06,CR02,35,600,0x1160,write,0x0CD,RAM_0x0CD,0x00,direct
2.06,CR02,36,601,0x1161,read,0x003,STATUS,0x3C,direct
2.06,CR02,37,601,0x1161,write,0x003,STATUS,0x1C,direct
2.06,CR02,38,602,0x1162,read,0x051,RAM_0x051,0x00,direct
2.06,CR02,39,604,0x1167,read,0x051,RAM_0x051,0x00,direct
2.06,CR02,40,606,0x116C,read,0x051,RAM_0x051,0x00,direct
2.06,CR02,41,608,0x1171,read,0x051,RAM_0x051,0x00,direct
2.06,CR02,42,610,0x1176,read,0x008,PORTD,0xC4,direct
2.06,CR02,43,612,0x117B,read,0x008,PORTD,0xC4,direct
2.06,CR02,44,614,0x1180,read,0x008,PORTD,0xC4,direct
2.06,CR02,45,616,0x1185,read,0x009,PORTE,0x04,direct
2.06,CR02,46,618,0x118A,read,0x003,STATUS,0x1C,direct
2.06,CR02,47,618,0x118A,write,0x003,STATUS,0x3C,direct
2.06,CR03,1,574,0x118C,read,0x003,STATUS,0x18,direct
2.06,CR03,2,574,0x118C,write,0x003,STATUS,0x38,direct
2.06,CR03,3,575,0x118D,write,0x0CD,RAM_0x0CD,0x00,direct
2.06,CR03,4,576,0x118E,read,0x003,STATUS,0x3C,direct
2.06,CR03,5,576,0x118E,write,0x003,STATUS,0x1C,direct
2.06,CR03,6,577,0x118F,read,0x006,PORTB,0x00,direct
2.06,CR03,7,579,0x1194,read,0x006,PORTB,0x00,direct
2.06,CR03,8,581,0x1199,read,0x056,RAM_0x056,0x80,direct
2.06,CR03,9,583,0x119E,read,0x056,RAM_0x056,0x80,direct
2.06,CR03,10,584,0x11A0,read,0x003,STATUS,0x1C,direct
2.06,CR03,11,584,0x11A0,write,0x003,STATUS,0x3C,direct
2.06,CR03,12,585,0x11A1,read,0x0CD,RAM_0x0CD,0x00,direct
2.06,CR03,13,585,0x11A1,write,0x0CD,RAM_0x0CD,0x08,direct
2.06,CR03,14,586,0x11A2,read,0x003,STATUS,0x3C,direct
2.06,CR03,15,586,0x11A2,write,0x003,STATUS,0x1C,direct
2.06,CR03,16,587,0x11A3,read,0x003,STATUS,0x1C,direct
2.06,CR03,17,587,0x11A3,write,0x003,STATUS,0x3C,direct
2.06,CR04,1,574,0x11A5,read,0x003,STATUS,0x18,direct
2.06,CR04,2,574,0x11A5,write,0x003,STATUS,0x38,direct
2.06,CR04,3,575,0x11A6,read,0x0A2,RAM_0x0A2,0x41,direct
2.06,CR04,4,576,0x11A7,write,0x0CD,RAM_0x0CD,0x41,direct
2.06,CR05,1,574,0x11A9,read,0x034,RAM_0x034,0x00,direct
2.06,CR05,2,575,0x11AA,read,0x003,STATUS,0x1E,direct
2.06,CR05,3,575,0x11AA,write,0x003,STATUS,0x3E,direct
2.06,CR05,4,576,0x11AB,write,0x0CD,RAM_0x0CD,0x00,direct
2.06,CR06,1,574,0x11AD,read,0x003,STATUS,0x1A,direct
2.06,CR06,2,574,0x11AD,write,0x003,STATUS,0x3A,direct
2.06,CR06,3,575,0x11AE,write,0x0CD,RAM_0x0CD,0x00,direct
2.06,CR06,4,576,0x11AF,read,0x003,STATUS,0x3E,direct
2.06,CR06,5,576,0x11AF,write,0x003,STATUS,0x1E,direct
2.06,CR06,6,577,0x11B0,read,0x02D,RAM_0x02D,0x07,direct
2.06,CR06,7,578,0x11B2,read,0x003,STATUS,0x1E,direct
2.06,CR06,8,578,0x11B2,write,0x003,STATUS,0x3E,direct
2.06,CR06,9,579,0x11B3,read,0x0CD,RAM_0x0CD,0x00,direct
2.06,CR06,10,579,0x11B3,write,0x0CD,RAM_0x0CD,0x01,direct
2.06,CR06,11,580,0x11B4,read,0x003,STATUS,0x3E,direct
2.06,CR06,12,580,0x11B4,write,0x003,STATUS,0x1E,direct
2.06,CR06,13,581,0x11B5,read,0x02D,RAM_0x02D,0x07,direct
2.06,CR06,14,582,0x11B7,read,0x003,STATUS,0x1E,direct
2.06,CR06,15,582,0x11B7,write,0x003,STATUS,0x3E,direct
2.06,CR06,16,583,0x11B8,read,0x0CD,RAM_0x0CD,0x01,direct
2.06,CR06,17,583,0x11B8,write,0x0CD,RAM_0x0CD,0x03,direct
2.06,CR06,18,584,0x11B9,read,0x003,STATUS,0x3E,direct
2.06,CR06,19,584,0x11B9,write,0x003,STATUS,0x1E,direct
2.06,CR06,20,585,0x11BA,read,0x006,PORTB,0x00,direct
2.06,CR06,21,587,0x11BF,read,0x003,STATUS,0x1E,direct
2.06,CR06,22,587,0x11BF,write,0x003,STATUS,0x3E,direct
2.06,CR07,1,574,0x11C1,read,0x045,RAM_0x045,0x05,direct
2.06,CR07,2,575,0x11C2,write,0x07A,RAM_0x07A,0x02,direct
2.06,CR07,3,576,0x11C3,read,0x044,RAM_0x044,0x14,direct
2.06,CR07,4,577,0x11C4,write,0x079,RAM_0x079,0x8A,direct
2.06,CR07,5,578,0x11C5,read,0x07A,RAM_0x07A,0x02,direct
2.06,CR07,6,578,0x11C5,write,0x07A,RAM_0x07A,0x01,direct
2.06,CR07,7,579,0x11C6,read,0x079,RAM_0x079,0x8A,direct
2.06,CR07,8,579,0x11C6,write,0x079,RAM_0x079,0x45,direct
2.06,CR07,9,580,0x11C7,read,0x07A,RAM_0x07A,0x01,direct
2.06,CR07,10,580,0x11C7,write,0x07A,RAM_0x07A,0x00,direct
2.06,CR07,11,581,0x11C8,read,0x079,RAM_0x079,0x45,direct
2.06,CR07,12,581,0x11C8,write,0x079,RAM_0x079,0xA2,direct
2.06,CR07,13,582,0x11C9,read,0x07A,RAM_0x07A,0x00,direct
2.06,CR07,14,582,0x11C9,write,0x07A,RAM_0x07A,0x80,direct
2.06,CR07,15,583,0x11CA,read,0x079,RAM_0x079,0xA2,direct
2.06,CR07,16,583,0x11CA,write,0x079,RAM_0x079,0x51,direct
2.06,CR07,17,584,0x11CB,read,0x079,RAM_0x079,0x51,direct
2.06,CR07,18,585,0x11CC,read,0x003,STATUS,0x1A,direct
2.06,CR07,19,585,0x11CC,write,0x003,STATUS,0x3A,direct
2.06,CR07,20,586,0x11CD,write,0x0CD,RAM_0x0CD,0x51,direct
2.06,CR08,1,575,0x11D0,read,0x003,STATUS,0x1A,direct
2.06,CR08,2,575,0x11D0,write,0x003,STATUS,0x3A,direct
2.06,CR08,3,576,0x11D1,write,0x0CD,RAM_0x0CD,0x05,direct
2.06,CR09,1,574,0x11D3,read,0x02E,RAM_0x02E,0x00,direct
2.06,CR09,2,575,0x11D4,read,0x003,STATUS,0x1E,direct
2.06,CR09,3,575,0x11D4,write,0x003,STATUS,0x3E,direct
2.06,CR09,4,576,0x11D5,write,0x0CD,RAM_0x0CD,0x00,direct
2.06,CR0A,1,578,0x11D7,read,0x02F,RAM_0x02F,0x00,direct
2.06,CR0A,2,579,0x11D8,read,0x003,STATUS,0x1E,direct
2.06,CR0A,3,579,0x11D8,write,0x003,STATUS,0x3E,direct
2.06,CR0A,4,580,0x11D9,write,0x0CD,RAM_0x0CD,0x00,direct
2.06,CR0B,1,579,0x11DC,read,0x003,STATUS,0x1A,direct
2.06,CR0B,2,579,0x11DC,write,0x003,STATUS,0x3A,direct
2.06,CR0B,3,580,0x11DD,write,0x0CD,RAM_0x0CD,0x02,direct
2.06,CR0C,1,579,0x11E0,read,0x003,STATUS,0x1A,direct
2.06,CR0C,2,579,0x11E0,write,0x003,STATUS,0x3A,direct
2.06,CR0C,3,580,0x11E1,write,0x0CD,RAM_0x0CD,0x06,direct
2.06,CR0D,1,578,0x11E3,read,0x003,STATUS,0x1A,direct
2.06,CR0D,2,578,0x11E3,write,0x003,STATUS,0x3A,direct
2.06,CR0D,3,579,0x11E4,write,0x0CD,RAM_0x0CD,0x00,direct
2.06,CR0E,1,579,0x11E7,read,0x003,STATUS,0x1A,direct
2.06,CR0E,2,579,0x11E7,write,0x003,STATUS,0x3A,direct
2.06,CR0E,3,580,0x11E8,write,0x0CD,RAM_0x0CD,0x21,direct
2.70,CR00,1,573,0x1248,write,0x053,RAM_0x053,0x00,direct
2.70,CR00,2,574,0x1249,read,0x003,STATUS,0x1C,direct
2.70,CR00,3,574,0x1249,write,0x003,STATUS,0x3C,direct
2.70,CR01,1,573,0x124B,read,0x053,RAM_0x053,0x00,direct
2.70,CR01,2,574,0x124C,read,0x003,STATUS,0x1C,direct
2.70,CR01,3,574,0x124C,write,0x003,STATUS,0x3C,direct
2.70,CR01,4,575,0x124D,write,0x0CB,RAM_0x0CB,0x00,direct
2.70,CR02,1,574,0x1000,read,0x00B,INTCON,0xD4,direct
2.70,CR02,2,574,0x1000,write,0x00B,INTCON,0x94,direct
2.70,CR02,3,575,0x1001,read,0x00B,INTCON,0x94,direct
2.70,CR02,4,575,0x1001,write,0x00B,INTCON,0x14,direct
2.70,CR02,5,576,0x1002,read,0x00B,INTCON,0x14,direct
2.70,CR02,6,578,0x1005,read,0x008,PORTD,0x04,direct
2.70,CR02,7,578,0x1005,write,0x008,PORTD,0x04,direct
2.70,CR02,8,580,0x1007,read,0x008,PORTD,0x04,direct
2.70,CR02,9,580,0x1007,write,0x008,PORTD,0x84,direct
2.70,CR02,10,581,0x1008,read,0x051,RAM_0x051,0x00,direct
2.70,CR02,11,581,0x1008,write,0x051,RAM_0x051,0x00,direct
2.70,CR02,12,582,0x1009,read,0x008,PORTD,0x84,direct
2.70,CR02,13,584,0x100C,read,0x008,PORTD,0x84,direct
2.70,CR02,14,584,0x100C,write,0x008,PORTD,0xA4,direct
2.70,CR02,15,585,0x100D,read,0x051,RAM_0x051,0x00,direct
2.70,CR02,16,585,0x100D,write,0x051,RAM_0x051,0x00,direct
2.70,CR02,17,586,0x100E,read,0x008,PORTD,0xA4,direct
2.70,CR02,18,588,0x1011,read,0x008,PORTD,0xA4,direct
2.70,CR02,19,588,0x1011,write,0x008,PORTD,0xC4,direct
2.70,CR02,20,589,0x1012,read,0x051,RAM_0x051,0x00,direct
2.70,CR02,21,589,0x1012,write,0x051,RAM_0x051,0x00,direct
2.70,CR02,22,590,0x1013,read,0x008,PORTD,0xC4,direct
2.70,CR02,23,592,0x1016,read,0x00B,INTCON,0x14,direct
2.70,CR02,24,592,0x1016,write,0x00B,INTCON,0xD4,direct
2.70,CR02,25,594,0x1250,read,0x003,STATUS,0x18,direct
2.70,CR02,26,594,0x1250,write,0x003,STATUS,0x38,direct
2.70,CR02,27,595,0x1251,write,0x0CB,RAM_0x0CB,0x00,direct
2.70,CR02,28,596,0x1252,read,0x003,STATUS,0x3C,direct
2.70,CR02,29,596,0x1252,write,0x003,STATUS,0x1C,direct
2.70,CR02,30,597,0x1253,read,0x051,RAM_0x051,0x00,direct
2.70,CR02,31,599,0x1258,read,0x051,RAM_0x051,0x00,direct
2.70,CR02,32,601,0x125D,read,0x051,RAM_0x051,0x00,direct
2.70,CR02,33,603,0x1262,read,0x051,RAM_0x051,0x00,direct
2.70,CR02,34,605,0x1267,read,0x008,PORTD,0xC4,direct
2.70,CR02,35,607,0x126C,read,0x008,PORTD,0xC4,direct
2.70,CR02,36,609,0x1271,read,0x008,PORTD,0xC4,direct
2.70,CR02,37,611,0x1276,read,0x009,PORTE,0x04,direct
2.70,CR02,38,613,0x127B,read,0x003,STATUS,0x1C,direct
2.70,CR02,39,613,0x127B,write,0x003,STATUS,0x3C,direct
2.70,CR03,1,573,0x127D,read,0x003,STATUS,0x18,direct
2.70,CR03,2,573,0x127D,write,0x003,STATUS,0x38,direct
2.70,CR03,3,574,0x127E,write,0x0CB,RAM_0x0CB,0x00,direct
2.70,CR03,4,575,0x127F,read,0x003,STATUS,0x3C,direct
2.70,CR03,5,575,0x127F,write,0x003,STATUS,0x1C,direct
2.70,CR03,6,576,0x1280,read,0x006,PORTB,0x00,direct
2.70,CR03,7,578,0x1285,read,0x006,PORTB,0x00,direct
2.70,CR03,8,580,0x128A,read,0x056,RAM_0x056,0x80,direct
2.70,CR03,9,582,0x128F,read,0x056,RAM_0x056,0x80,direct
2.70,CR03,10,583,0x1291,read,0x003,STATUS,0x1C,direct
2.70,CR03,11,583,0x1291,write,0x003,STATUS,0x3C,direct
2.70,CR03,12,584,0x1292,read,0x0CB,RAM_0x0CB,0x00,direct
2.70,CR03,13,584,0x1292,write,0x0CB,RAM_0x0CB,0x08,direct
2.70,CR03,14,585,0x1293,read,0x003,STATUS,0x3C,direct
2.70,CR03,15,585,0x1293,write,0x003,STATUS,0x1C,direct
2.70,CR03,16,586,0x1294,read,0x003,STATUS,0x1C,direct
2.70,CR03,17,586,0x1294,write,0x003,STATUS,0x3C,direct
2.70,CR04,1,573,0x1296,read,0x003,STATUS,0x18,direct
2.70,CR04,2,573,0x1296,write,0x003,STATUS,0x38,direct
2.70,CR04,3,574,0x1297,read,0x0A2,RAM_0x0A2,0x41,direct
2.70,CR04,4,575,0x1298,write,0x0CB,RAM_0x0CB,0x41,direct
2.70,CR05,1,573,0x129A,read,0x034,RAM_0x034,0x00,direct
2.70,CR05,2,574,0x129B,read,0x003,STATUS,0x1C,direct
2.70,CR05,3,574,0x129B,write,0x003,STATUS,0x3C,direct
2.70,CR05,4,575,0x129C,write,0x0CB,RAM_0x0CB,0x00,direct
2.70,CR06,1,573,0x129E,read,0x003,STATUS,0x18,direct
2.70,CR06,2,573,0x129E,write,0x003,STATUS,0x38,direct
2.70,CR06,3,574,0x129F,write,0x0CB,RAM_0x0CB,0x00,direct
2.70,CR06,4,575,0x12A0,read,0x003,STATUS,0x3C,direct
2.70,CR06,5,575,0x12A0,write,0x003,STATUS,0x1C,direct
2.70,CR06,6,576,0x12A1,read,0x02D,RAM_0x02D,0x07,direct
2.70,CR06,7,577,0x12A3,read,0x003,STATUS,0x1C,direct
2.70,CR06,8,577,0x12A3,write,0x003,STATUS,0x3C,direct
2.70,CR06,9,578,0x12A4,read,0x0CB,RAM_0x0CB,0x00,direct
2.70,CR06,10,578,0x12A4,write,0x0CB,RAM_0x0CB,0x01,direct
2.70,CR06,11,579,0x12A5,read,0x003,STATUS,0x3C,direct
2.70,CR06,12,579,0x12A5,write,0x003,STATUS,0x1C,direct
2.70,CR06,13,580,0x12A6,read,0x02D,RAM_0x02D,0x07,direct
2.70,CR06,14,581,0x12A8,read,0x003,STATUS,0x1C,direct
2.70,CR06,15,581,0x12A8,write,0x003,STATUS,0x3C,direct
2.70,CR06,16,582,0x12A9,read,0x0CB,RAM_0x0CB,0x01,direct
2.70,CR06,17,582,0x12A9,write,0x0CB,RAM_0x0CB,0x03,direct
2.70,CR06,18,583,0x12AA,read,0x003,STATUS,0x3C,direct
2.70,CR06,19,583,0x12AA,write,0x003,STATUS,0x1C,direct
2.70,CR06,20,584,0x12AB,read,0x006,PORTB,0x00,direct
2.70,CR06,21,586,0x12B0,read,0x003,STATUS,0x1C,direct
2.70,CR06,22,586,0x12B0,write,0x003,STATUS,0x3C,direct
2.70,CR07,1,573,0x12B2,read,0x045,RAM_0x045,0x05,direct
2.70,CR07,2,574,0x12B3,write,0x07A,RAM_0x07A,0x02,direct
2.70,CR07,3,575,0x12B4,read,0x044,RAM_0x044,0x14,direct
2.70,CR07,4,576,0x12B5,write,0x079,RAM_0x079,0x8A,direct
2.70,CR07,5,577,0x12B6,read,0x07A,RAM_0x07A,0x02,direct
2.70,CR07,6,577,0x12B6,write,0x07A,RAM_0x07A,0x01,direct
2.70,CR07,7,578,0x12B7,read,0x079,RAM_0x079,0x8A,direct
2.70,CR07,8,578,0x12B7,write,0x079,RAM_0x079,0x45,direct
2.70,CR07,9,579,0x12B8,read,0x07A,RAM_0x07A,0x01,direct
2.70,CR07,10,579,0x12B8,write,0x07A,RAM_0x07A,0x00,direct
2.70,CR07,11,580,0x12B9,read,0x079,RAM_0x079,0x45,direct
2.70,CR07,12,580,0x12B9,write,0x079,RAM_0x079,0xA2,direct
2.70,CR07,13,581,0x12BA,read,0x07A,RAM_0x07A,0x00,direct
2.70,CR07,14,581,0x12BA,write,0x07A,RAM_0x07A,0x80,direct
2.70,CR07,15,582,0x12BB,read,0x079,RAM_0x079,0xA2,direct
2.70,CR07,16,582,0x12BB,write,0x079,RAM_0x079,0x51,direct
2.70,CR07,17,583,0x12BC,read,0x079,RAM_0x079,0x51,direct
2.70,CR07,18,584,0x12BD,read,0x003,STATUS,0x18,direct
2.70,CR07,19,584,0x12BD,write,0x003,STATUS,0x38,direct
2.70,CR07,20,585,0x12BE,write,0x0CB,RAM_0x0CB,0x51,direct
2.70,CR08,1,574,0x12C1,read,0x003,STATUS,0x18,direct
2.70,CR08,2,574,0x12C1,write,0x003,STATUS,0x38,direct
2.70,CR08,3,575,0x12C2,write,0x0CB,RAM_0x0CB,0x07,direct
2.70,CR09,1,573,0x12C4,read,0x02E,RAM_0x02E,0x00,direct
2.70,CR09,2,574,0x12C5,read,0x003,STATUS,0x1C,direct
2.70,CR09,3,574,0x12C5,write,0x003,STATUS,0x3C,direct
2.70,CR09,4,575,0x12C6,write,0x0CB,RAM_0x0CB,0x00,direct
2.70,CR0A,1,577,0x12C8,read,0x02F,RAM_0x02F,0x00,direct
2.70,CR0A,2,578,0x12C9,read,0x003,STATUS,0x1C,direct
2.70,CR0A,3,578,0x12C9,write,0x003,STATUS,0x3C,direct
2.70,CR0A,4,579,0x12CA,write,0x0CB,RAM_0x0CB,0x00,direct
2.70,CR0B,1,578,0x12CD,read,0x003,STATUS,0x1A,direct
2.70,CR0B,2,578,0x12CD,write,0x003,STATUS,0x3A,direct
2.70,CR0B,3,579,0x12CE,write,0x0CB,RAM_0x0CB,0x02,direct
2.70,CR0C,1,578,0x12D1,read,0x003,STATUS,0x1A,direct
2.70,CR0C,2,578,0x12D1,write,0x003,STATUS,0x3A,direct
2.70,CR0C,3,579,0x12D2,write,0x0CB,RAM_0x0CB,0x70,direct
2.70,CR0D,1,577,0x12D4,read,0x003,STATUS,0x1A,direct
2.70,CR0D,2,577,0x12D4,write,0x003,STATUS,0x3A,direct
2.70,CR0D,3,578,0x12D5,write,0x0CB,RAM_0x0CB,0x00,direct
2.70,CR0E,1,578,0x12D8,read,0x003,STATUS,0x1A,direct
2.70,CR0E,2,578,0x12D8,write,0x003,STATUS,0x3A,direct
2.70,CR0E,3,579,0x12D9,write,0x0CB,RAM_0x0CB,0x02,direct
2.71,CR00,1,573,0x1222,write,0x053,RAM_0x053,0x00,direct
2.71,CR00,2,574,0x1223,read,0x003,STATUS,0x1C,direct
2.71,CR00,3,574,0x1223,write,0x003,STATUS,0x3C,direct
2.71,CR01,1,573,0x1225,read,0x053,RAM_0x053,0x00,direct
2.71,CR01,2,574,0x1226,read,0x003,STATUS,0x1C,direct
2.71,CR01,3,574,0x1226,write,0x003,STATUS,0x3C,direct
2.71,CR01,4,575,0x1227,write,0x0CB,RAM_0x0CB,0x00,direct
2.71,CR02,1,573,0x1229,read,0x00A,PCLATH,0x13,direct
2.71,CR02,2,573,0x1229,write,0x00A,PCLATH,0x03,direct
2.71,CR02,3,574,0x122A,read,0x00A,PCLATH,0x03,direct
2.71,CR02,4,574,0x122A,write,0x00A,PCLATH,0x0B,direct
2.71,CR02,5,576,0x0FBB,read,0x00B,INTCON,0xD4,direct
2.71,CR02,6,576,0x0FBB,write,0x00B,INTCON,0x94,direct
2.71,CR02,7,577,0x0FBC,read,0x00B,INTCON,0x94,direct
2.71,CR02,8,577,0x0FBC,write,0x00B,INTCON,0x14,direct
2.71,CR02,9,578,0x0FBD,read,0x00B,INTCON,0x14,direct
2.71,CR02,10,580,0x0FC0,read,0x008,PORTD,0x04,direct
2.71,CR02,11,580,0x0FC0,write,0x008,PORTD,0x04,direct
2.71,CR02,12,582,0x0FC2,read,0x008,PORTD,0x04,direct
2.71,CR02,13,582,0x0FC2,write,0x008,PORTD,0x84,direct
2.71,CR02,14,583,0x0FC3,read,0x051,RAM_0x051,0x00,direct
2.71,CR02,15,583,0x0FC3,write,0x051,RAM_0x051,0x00,direct
2.71,CR02,16,584,0x0FC4,read,0x008,PORTD,0x84,direct
2.71,CR02,17,586,0x0FC7,read,0x008,PORTD,0x84,direct
2.71,CR02,18,586,0x0FC7,write,0x008,PORTD,0xA4,direct
2.71,CR02,19,587,0x0FC8,read,0x051,RAM_0x051,0x00,direct
2.71,CR02,20,587,0x0FC8,write,0x051,RAM_0x051,0x00,direct
2.71,CR02,21,588,0x0FC9,read,0x008,PORTD,0xA4,direct
2.71,CR02,22,590,0x0FCC,read,0x008,PORTD,0xA4,direct
2.71,CR02,23,590,0x0FCC,write,0x008,PORTD,0xC4,direct
2.71,CR02,24,591,0x0FCD,read,0x051,RAM_0x051,0x00,direct
2.71,CR02,25,591,0x0FCD,write,0x051,RAM_0x051,0x00,direct
2.71,CR02,26,592,0x0FCE,read,0x008,PORTD,0xC4,direct
2.71,CR02,27,594,0x0FD1,read,0x00B,INTCON,0x14,direct
2.71,CR02,28,594,0x0FD1,write,0x00B,INTCON,0xD4,direct
2.71,CR02,29,596,0x122C,read,0x00A,PCLATH,0x0B,direct
2.71,CR02,30,596,0x122C,write,0x00A,PCLATH,0x1B,direct
2.71,CR02,31,597,0x122D,read,0x00A,PCLATH,0x1B,direct
2.71,CR02,32,597,0x122D,write,0x00A,PCLATH,0x13,direct
2.71,CR02,33,598,0x122E,read,0x003,STATUS,0x18,direct
2.71,CR02,34,598,0x122E,write,0x003,STATUS,0x38,direct
2.71,CR02,35,599,0x122F,write,0x0CB,RAM_0x0CB,0x00,direct
2.71,CR02,36,600,0x1230,read,0x003,STATUS,0x3C,direct
2.71,CR02,37,600,0x1230,write,0x003,STATUS,0x1C,direct
2.71,CR02,38,601,0x1231,read,0x051,RAM_0x051,0x00,direct
2.71,CR02,39,603,0x1236,read,0x051,RAM_0x051,0x00,direct
2.71,CR02,40,605,0x123B,read,0x051,RAM_0x051,0x00,direct
2.71,CR02,41,607,0x1240,read,0x051,RAM_0x051,0x00,direct
2.71,CR02,42,609,0x1245,read,0x008,PORTD,0xC4,direct
2.71,CR02,43,611,0x124A,read,0x008,PORTD,0xC4,direct
2.71,CR02,44,613,0x124F,read,0x008,PORTD,0xC4,direct
2.71,CR02,45,615,0x1254,read,0x009,PORTE,0x04,direct
2.71,CR02,46,617,0x1259,read,0x003,STATUS,0x1C,direct
2.71,CR02,47,617,0x1259,write,0x003,STATUS,0x3C,direct
2.71,CR03,1,573,0x125B,read,0x003,STATUS,0x18,direct
2.71,CR03,2,573,0x125B,write,0x003,STATUS,0x38,direct
2.71,CR03,3,574,0x125C,write,0x0CB,RAM_0x0CB,0x00,direct
2.71,CR03,4,575,0x125D,read,0x003,STATUS,0x3C,direct
2.71,CR03,5,575,0x125D,write,0x003,STATUS,0x1C,direct
2.71,CR03,6,576,0x125E,read,0x006,PORTB,0x00,direct
2.71,CR03,7,578,0x1263,read,0x006,PORTB,0x00,direct
2.71,CR03,8,580,0x1268,read,0x056,RAM_0x056,0x80,direct
2.71,CR03,9,582,0x126D,read,0x056,RAM_0x056,0x80,direct
2.71,CR03,10,583,0x126F,read,0x003,STATUS,0x1C,direct
2.71,CR03,11,583,0x126F,write,0x003,STATUS,0x3C,direct
2.71,CR03,12,584,0x1270,read,0x0CB,RAM_0x0CB,0x00,direct
2.71,CR03,13,584,0x1270,write,0x0CB,RAM_0x0CB,0x08,direct
2.71,CR03,14,585,0x1271,read,0x003,STATUS,0x3C,direct
2.71,CR03,15,585,0x1271,write,0x003,STATUS,0x1C,direct
2.71,CR03,16,586,0x1272,read,0x003,STATUS,0x1C,direct
2.71,CR03,17,586,0x1272,write,0x003,STATUS,0x3C,direct
2.71,CR04,1,573,0x1274,read,0x003,STATUS,0x18,direct
2.71,CR04,2,573,0x1274,write,0x003,STATUS,0x38,direct
2.71,CR04,3,574,0x1275,read,0x0A2,RAM_0x0A2,0x41,direct
2.71,CR04,4,575,0x1276,write,0x0CB,RAM_0x0CB,0x41,direct
2.71,CR05,1,573,0x1278,read,0x034,RAM_0x034,0x00,direct
2.71,CR05,2,574,0x1279,read,0x003,STATUS,0x1C,direct
2.71,CR05,3,574,0x1279,write,0x003,STATUS,0x3C,direct
2.71,CR05,4,575,0x127A,write,0x0CB,RAM_0x0CB,0x00,direct
2.71,CR06,1,573,0x127C,read,0x003,STATUS,0x18,direct
2.71,CR06,2,573,0x127C,write,0x003,STATUS,0x38,direct
2.71,CR06,3,574,0x127D,write,0x0CB,RAM_0x0CB,0x00,direct
2.71,CR06,4,575,0x127E,read,0x003,STATUS,0x3C,direct
2.71,CR06,5,575,0x127E,write,0x003,STATUS,0x1C,direct
2.71,CR06,6,576,0x127F,read,0x02D,RAM_0x02D,0x07,direct
2.71,CR06,7,577,0x1281,read,0x003,STATUS,0x1C,direct
2.71,CR06,8,577,0x1281,write,0x003,STATUS,0x3C,direct
2.71,CR06,9,578,0x1282,read,0x0CB,RAM_0x0CB,0x00,direct
2.71,CR06,10,578,0x1282,write,0x0CB,RAM_0x0CB,0x01,direct
2.71,CR06,11,579,0x1283,read,0x003,STATUS,0x3C,direct
2.71,CR06,12,579,0x1283,write,0x003,STATUS,0x1C,direct
2.71,CR06,13,580,0x1284,read,0x02D,RAM_0x02D,0x07,direct
2.71,CR06,14,581,0x1286,read,0x003,STATUS,0x1C,direct
2.71,CR06,15,581,0x1286,write,0x003,STATUS,0x3C,direct
2.71,CR06,16,582,0x1287,read,0x0CB,RAM_0x0CB,0x01,direct
2.71,CR06,17,582,0x1287,write,0x0CB,RAM_0x0CB,0x03,direct
2.71,CR06,18,583,0x1288,read,0x003,STATUS,0x3C,direct
2.71,CR06,19,583,0x1288,write,0x003,STATUS,0x1C,direct
2.71,CR06,20,584,0x1289,read,0x006,PORTB,0x00,direct
2.71,CR06,21,586,0x128E,read,0x003,STATUS,0x1C,direct
2.71,CR06,22,586,0x128E,write,0x003,STATUS,0x3C,direct
2.71,CR07,1,573,0x1290,read,0x045,RAM_0x045,0x05,direct
2.71,CR07,2,574,0x1291,write,0x07A,RAM_0x07A,0x02,direct
2.71,CR07,3,575,0x1292,read,0x044,RAM_0x044,0x14,direct
2.71,CR07,4,576,0x1293,write,0x079,RAM_0x079,0x8A,direct
2.71,CR07,5,577,0x1294,read,0x07A,RAM_0x07A,0x02,direct
2.71,CR07,6,577,0x1294,write,0x07A,RAM_0x07A,0x01,direct
2.71,CR07,7,578,0x1295,read,0x079,RAM_0x079,0x8A,direct
2.71,CR07,8,578,0x1295,write,0x079,RAM_0x079,0x45,direct
2.71,CR07,9,579,0x1296,read,0x07A,RAM_0x07A,0x01,direct
2.71,CR07,10,579,0x1296,write,0x07A,RAM_0x07A,0x00,direct
2.71,CR07,11,580,0x1297,read,0x079,RAM_0x079,0x45,direct
2.71,CR07,12,580,0x1297,write,0x079,RAM_0x079,0xA2,direct
2.71,CR07,13,581,0x1298,read,0x07A,RAM_0x07A,0x00,direct
2.71,CR07,14,581,0x1298,write,0x07A,RAM_0x07A,0x80,direct
2.71,CR07,15,582,0x1299,read,0x079,RAM_0x079,0xA2,direct
2.71,CR07,16,582,0x1299,write,0x079,RAM_0x079,0x51,direct
2.71,CR07,17,583,0x129A,read,0x079,RAM_0x079,0x51,direct
2.71,CR07,18,584,0x129B,read,0x003,STATUS,0x18,direct
2.71,CR07,19,584,0x129B,write,0x003,STATUS,0x38,direct
2.71,CR07,20,585,0x129C,write,0x0CB,RAM_0x0CB,0x51,direct
2.71,CR08,1,574,0x129F,read,0x003,STATUS,0x18,direct
2.71,CR08,2,574,0x129F,write,0x003,STATUS,0x38,direct
2.71,CR08,3,575,0x12A0,write,0x0CB,RAM_0x0CB,0x07,direct
2.71,CR09,1,573,0x12A2,read,0x02E,RAM_0x02E,0x00,direct
2.71,CR09,2,574,0x12A3,read,0x003,STATUS,0x1C,direct
2.71,CR09,3,574,0x12A3,write,0x003,STATUS,0x3C,direct
2.71,CR09,4,575,0x12A4,write,0x0CB,RAM_0x0CB,0x00,direct
2.71,CR0A,1,577,0x12A6,read,0x02F,RAM_0x02F,0x00,direct
2.71,CR0A,2,578,0x12A7,read,0x003,STATUS,0x1C,direct
2.71,CR0A,3,578,0x12A7,write,0x003,STATUS,0x3C,direct
2.71,CR0A,4,579,0x12A8,write,0x0CB,RAM_0x0CB,0x00,direct
2.71,CR0B,1,578,0x12AB,read,0x003,STATUS,0x18,direct
2.71,CR0B,2,578,0x12AB,write,0x003,STATUS,0x38,direct
2.71,CR0B,3,579,0x12AC,write,0x0CB,RAM_0x0CB,0x02,direct
2.71,CR0C,1,578,0x12AF,read,0x003,STATUS,0x18,direct
2.71,CR0C,2,578,0x12AF,write,0x003,STATUS,0x38,direct
2.71,CR0C,3,579,0x12B0,write,0x0CB,RAM_0x0CB,0x71,direct
2.71,CR0D,1,577,0x12B2,read,0x003,STATUS,0x18,direct
2.71,CR0D,2,577,0x12B2,write,0x003,STATUS,0x38,direct
2.71,CR0D,3,578,0x12B3,write,0x0CB,RAM_0x0CB,0x00,direct
2.71,CR0E,1,577,0x12B5,read,0x003,STATUS,0x1A,direct
2.71,CR0E,2,577,0x12B5,write,0x003,STATUS,0x3A,direct
2.71,CR0E,3,578,0x12B6,write,0x0CB,RAM_0x0CB,0x00,direct
