step,pc,word,mnemonic,operands,w,status
249735,0x07A9,0x1C30,btfss,"0x30, 0",0x2F,0x1F
249736,0x07AA,0x2FAD,goto,0x7AD,0x2F,0x1F
249737,0x07AD,0x1E50,btfss,"0x50, 4",0x2F,0x1F
249738,0x07AE,0x2FB2,goto,0x7B2,0x2F,0x1F
249739,0x07B2,0x0843,movf,"0x43, W",0x21,0x1B
249740,0x07B3,0x390F,andlw,0x0F,0x01,0x1B
249741,0x07B4,0x3C01,sublw,0x01,0x00,0x1F
249742,0x07B5,0x1803,btfsc,"0x03, 0",0x00,0x1F
249743,0x07B6,0x2FBE,goto,0x7BE,0x00,0x1F
249744,0x07BE,0x0873,movf,"0x73, W",0x00,0x1F
249745,0x07BF,0x04C8,iorwf,"0x48, F",0x00,0x1F
249746,0x07C0,0x1D49,btfss,"0x49, 2",0x00,0x1F
249747,0x07C1,0x2FCD,goto,0x7CD,0x00,0x1F
249748,0x07CD,0x1BD6,btfsc,"0x56, 7",0x00,0x1F
249749,0x07CE,0x2FD0,goto,0x7D0,0x00,0x1F
249750,0x07D0,0x1DCC,btfss,"0x4C, 3",0x00,0x1F
249751,0x07D1,0x2FD5,goto,0x7D5,0x00,0x1F
249752,0x07D5,0x1E49,btfss,"0x49, 4",0x00,0x1F
249753,0x07D6,0x2FD9,goto,0x7D9,0x00,0x1F
249754,0x07D9,0x219E,call,0x19E,0x00,0x1F
249755,0x019E,0x3001,movlw,0x01,0x01,0x1F
249756,0x019F,0x00F4,movwf,0x74,0x01,0x1F
249757,0x01A0,0x130B,bcf,"0x0B, 6",0x01,0x1F
249758,0x01A1,0x138B,bcf,"0x0B, 7",0x01,0x1F
249759,0x01A2,0x1B8B,btfsc,"0x0B, 7",0x01,0x1F
249760,0x01A4,0x301F,movlw,0x1F,0x1F,0x1F
249761,0x01A5,0x0588,andwf,"0x08, F",0x1F,0x1B
249762,0x01A6,0x08F4,movf,"0x74, F",0x1F,0x1B
249763,0x01A7,0x1903,btfsc,"0x03, 2",0x1F,0x1B
249764,0x01A9,0x1687,bsf,"0x07, 5",0x1F,0x1B
249765,0x01AA,0x0848,movf,"0x48, W",0x00,0x1F
249766,0x01AB,0x0574,andwf,"0x74, W",0x00,0x1F
249767,0x01AC,0x1903,btfsc,"0x03, 2",0x00,0x1F
249768,0x01AD,0x29AF,goto,0x1AF,0x00,0x1F
249769,0x01AF,0x1107,bcf,"0x07, 2",0x00,0x1F
249770,0x01B0,0x1507,bsf,"0x07, 2",0x00,0x1F
249771,0x01B1,0x3020,movlw,0x20,0x20,0x1F
249772,0x01B2,0x0788,addwf,"0x08, F",0x20,0x18
249773,0x01B3,0x1003,bcf,"0x03, 0",0x20,0x18
249774,0x01B4,0x0DF4,rlf,"0x74, F",0x20,0x18
249775,0x01B5,0x29A6,goto,0x1A6,0x20,0x18
249776,0x01A6,0x08F4,movf,"0x74, F",0x20,0x18
249777,0x01A7,0x1903,btfsc,"0x03, 2",0x20,0x18
249778,0x01A9,0x1687,bsf,"0x07, 5",0x20,0x18
249779,0x01AA,0x0848,movf,"0x48, W",0x00,0x1C
249780,0x01AB,0x0574,andwf,"0x74, W",0x00,0x1C
249781,0x01AC,0x1903,btfsc,"0x03, 2",0x00,0x1C
249782,0x01AD,0x29AF,goto,0x1AF,0x00,0x1C
249783,0x01AF,0x1107,bcf,"0x07, 2",0x00,0x1C
249784,0x01B0,0x1507,bsf,"0x07, 2",0x00,0x1C
249785,0x01B1,0x3020,movlw,0x20,0x20,0x1C
249786,0x01B2,0x0788,addwf,"0x08, F",0x20,0x18
249787,0x01B3,0x1003,bcf,"0x03, 0",0x20,0x18
249788,0x01B4,0x0DF4,rlf,"0x74, F",0x20,0x18
249789,0x01B5,0x29A6,goto,0x1A6,0x20,0x18
249790,0x01A6,0x08F4,movf,"0x74, F",0x20,0x18
249791,0x01A7,0x1903,btfsc,"0x03, 2",0x20,0x18
249792,0x01A9,0x1687,bsf,"0x07, 5",0x20,0x18
249793,0x01AA,0x0848,movf,"0x48, W",0x00,0x1C
249794,0x01AB,0x0574,andwf,"0x74, W",0x00,0x1C
249795,0x01AC,0x1903,btfsc,"0x03, 2",0x00,0x1C
249796,0x01AD,0x29AF,goto,0x1AF,0x00,0x1C
249797,0x01AF,0x1107,bcf,"0x07, 2",0x00,0x1C
249798,0x01B0,0x1507,bsf,"0x07, 2",0x00,0x1C
249799,0x01B1,0x3020,movlw,0x20,0x20,0x1C
249800,0x01B2,0x0788,addwf,"0x08, F",0x20,0x18
249801,0x01B3,0x1003,bcf,"0x03, 0",0x20,0x18
249802,0x01B4,0x0DF4,rlf,"0x74, F",0x20,0x18
249803,0x01B5,0x29A6,goto,0x1A6,0x20,0x18
249804,0x01A6,0x08F4,movf,"0x74, F",0x20,0x18
249805,0x01A7,0x1903,btfsc,"0x03, 2",0x20,0x18
249806,0x01A9,0x1687,bsf,"0x07, 5",0x20,0x18
249807,0x01AA,0x0848,movf,"0x48, W",0x00,0x1C
249808,0x01AB,0x0574,andwf,"0x74, W",0x00,0x1C
249809,0x01AC,0x1903,btfsc,"0x03, 2",0x00,0x1C
249810,0x01AD,0x29AF,goto,0x1AF,0x00,0x1C
249811,0x01AF,0x1107,bcf,"0x07, 2",0x00,0x1C
249812,0x01B0,0x1507,bsf,"0x07, 2",0x00,0x1C
249813,0x01B1,0x3020,movlw,0x20,0x20,0x1C
249814,0x01B2,0x0788,addwf,"0x08, F",0x20,0x18
249815,0x01B3,0x1003,bcf,"0x03, 0",0x20,0x18
249816,0x01B4,0x0DF4,rlf,"0x74, F",0x20,0x18
249817,0x01B5,0x29A6,goto,0x1A6,0x20,0x18
249818,0x01A6,0x08F4,movf,"0x74, F",0x20,0x18
249819,0x01A7,0x1903,btfsc,"0x03, 2",0x20,0x18
249820,0x01A9,0x1687,bsf,"0x07, 5",0x20,0x18
249821,0x01AA,0x0848,movf,"0x48, W",0x00,0x1C
249822,0x01AB,0x0574,andwf,"0x74, W",0x00,0x1C
249823,0x01AC,0x1903,btfsc,"0x03, 2",0x00,0x1C
249824,0x01AD,0x29AF,goto,0x1AF,0x00,0x1C
249825,0x01AF,0x1107,bcf,"0x07, 2",0x00,0x1C
249826,0x01B0,0x1507,bsf,"0x07, 2",0x00,0x1C
249827,0x01B1,0x3020,movlw,0x20,0x20,0x1C
249828,0x01B2,0x0788,addwf,"0x08, F",0x20,0x18
249829,0x01B3,0x1003,bcf,"0x03, 0",0x20,0x18
249830,0x01B4,0x0DF4,rlf,"0x74, F",0x20,0x18
249831,0x01B5,0x29A6,goto,0x1A6,0x20,0x18
249832,0x01A6,0x08F4,movf,"0x74, F",0x20,0x18
249833,0x01A7,0x1903,btfsc,"0x03, 2",0x20,0x18
249834,0x01A9,0x1687,bsf,"0x07, 5",0x20,0x18
249835,0x01AA,0x0848,movf,"0x48, W",0x00,0x1C
249836,0x01AB,0x0574,andwf,"0x74, W",0x00,0x1C
249837,0x01AC,0x1903,btfsc,"0x03, 2",0x00,0x1C
249838,0x01AD,0x29AF,goto,0x1AF,0x00,0x1C
249839,0x01AF,0x1107,bcf,"0x07, 2",0x00,0x1C
249840,0x01B0,0x1507,bsf,"0x07, 2",0x00,0x1C
249841,0x01B1,0x3020,movlw,0x20,0x20,0x1C
249842,0x01B2,0x0788,addwf,"0x08, F",0x20,0x18
249843,0x01B3,0x1003,bcf,"0x03, 0",0x20,0x18
249844,0x01B4,0x0DF4,rlf,"0x74, F",0x20,0x18
249845,0x01B5,0x29A6,goto,0x1A6,0x20,0x18
249846,0x01A6,0x08F4,movf,"0x74, F",0x20,0x18
249847,0x01A7,0x1903,btfsc,"0x03, 2",0x20,0x18
249848,0x01A9,0x1687,bsf,"0x07, 5",0x20,0x18
249849,0x01AA,0x0848,movf,"0x48, W",0x00,0x1C
249850,0x01AB,0x0574,andwf,"0x74, W",0x00,0x1C
249851,0x01AC,0x1903,btfsc,"0x03, 2",0x00,0x1C
249852,0x01AD,0x29AF,goto,0x1AF,0x00,0x1C
249853,0x01AF,0x1107,bcf,"0x07, 2",0x00,0x1C
249854,0x01B0,0x1507,bsf,"0x07, 2",0x00,0x1C
249855,0x01B1,0x3020,movlw,0x20,0x20,0x1C
249856,0x01B2,0x0788,addwf,"0x08, F",0x20,0x18
249857,0x01B3,0x1003,bcf,"0x03, 0",0x20,0x18
249858,0x01B4,0x0DF4,rlf,"0x74, F",0x20,0x18
249859,0x01B5,0x29A6,goto,0x1A6,0x20,0x18
249860,0x01A6,0x08F4,movf,"0x74, F",0x20,0x18
249861,0x01A7,0x1903,btfsc,"0x03, 2",0x20,0x18
249862,0x01A9,0x1687,bsf,"0x07, 5",0x20,0x18
249863,0x01AA,0x0848,movf,"0x48, W",0x00,0x1C
249864,0x01AB,0x0574,andwf,"0x74, W",0x00,0x1C
249865,0x01AC,0x1903,btfsc,"0x03, 2",0x00,0x1C
249866,0x01AD,0x29AF,goto,0x1AF,0x00,0x1C
249867,0x01AF,0x1107,bcf,"0x07, 2",0x00,0x1C
249868,0x01B0,0x1507,bsf,"0x07, 2",0x00,0x1C
249869,0x01B1,0x3020,movlw,0x20,0x20,0x1C
249870,0x01B2,0x0788,addwf,"0x08, F",0x20,0x19
249871,0x01B3,0x1003,bcf,"0x03, 0",0x20,0x18
249872,0x01B4,0x0DF4,rlf,"0x74, F",0x20,0x19
249873,0x01B5,0x29A6,goto,0x1A6,0x20,0x19
249874,0x01A6,0x08F4,movf,"0x74, F",0x20,0x1D
249875,0x01A7,0x1903,btfsc,"0x03, 2",0x20,0x1D
249876,0x01A8,0x29B6,goto,0x1B6,0x20,0x1D
249877,0x01B6,0x30C0,movlw,0xC0,0xC0,0x1D
249878,0x01B7,0x048B,iorwf,"0x0B, F",0xC0,0x19
249879,0x01B8,0x3400,retlw,0x00,0x00,0x19
249880,0x07DA,0x0848,movf,"0x48, W",0x00,0x1D
249881,0x07DB,0x1683,bsf,"0x03, 5",0x00,0x3D
249882,0x07DC,0x0253,subwf,"0x53, W",0x00,0x3F
249883,0x07DD,0x1903,btfsc,"0x03, 2",0x00,0x3F
249884,0x07DE,0x2FEB,goto,0x7EB,0x00,0x3F
249885,0x07EB,0x1283,bcf,"0x03, 5",0x00,0x1F
249886,0x07EC,0x158A,bsf,"0x0A, 3",0x00,0x1F
249887,0x07ED,0x120A,bcf,"0x0A, 4",0x00,0x1F
249888,0x07EE,0x28C8,goto,0x0C8,0x00,0x1F
249889,0x08C8,0x158A,bsf,"0x0A, 3",0x00,0x1F
249890,0x08C9,0x3400,retlw,0x00,0x00,0x1F
249891,0x189B,0x160A,bsf,"0x0A, 4",0x00,0x1F
249892,0x189C,0x120A,bcf,"0x0A, 4",0x00,0x1F
249893,0x189D,0x2C1B,goto,0x41B,0x00,0x1F
249894,0x0C1B,0x1EC3,btfss,"0x43, 5",0x00,0x1F
249895,0x0C1D,0x1C86,btfss,"0x06, 1",0x00,0x1F
249896,0x0C1E,0x2C22,goto,0x422,0x00,0x1F
249897,0x0C22,0x1C86,btfss,"0x06, 1",0x00,0x1F
249898,0x0C23,0x2C55,goto,0x455,0x00,0x1F
249899,0x0C55,0x08F1,movf,"0x71, F",0x00,0x1B
249900,0x0C56,0x1D03,btfss,"0x03, 2",0x00,0x1B
249901,0x0C57,0x2CC0,goto,0x4C0,0x00,0x1B
249902,0x0CC0,0x158A,bsf,"0x0A, 3",0x00,0x1B
249903,0x0CC1,0x160A,bsf,"0x0A, 4",0x00,0x1B
249904,0x0CC2,0x289E,goto,0x09E,0x00,0x1B
249905,0x189E,0x160A,bsf,"0x0A, 4",0x00,0x1B
249906,0x189F,0x120A,bcf,"0x0A, 4",0x00,0x1B
249907,0x18A0,0x24C3,call,0x4C3,0x00,0x1B
249908,0x0CC3,0x083B,movf,"0x3B, W",0x00,0x1F
249909,0x0CC4,0x390F,andlw,0x0F,0x00,0x1F
249910,0x0CC5,0x3C0C,sublw,0x0C,0x0C,0x1B
249911,0x0CC6,0x1803,btfsc,"0x03, 0",0x0C,0x1B
249912,0x0CC7,0x2CC9,goto,0x4C9,0x0C,0x1B
249913,0x0CC9,0x1030,bcf,"0x30, 0",0x0C,0x1B
249914,0x0CCA,0x1A08,btfsc,"0x08, 4",0x0C,0x1B
249915,0x0CCC,0x1A08,btfsc,"0x08, 4",0x0C,0x1B
249916,0x0CCE,0x01DE,clrf,0x5E,0x0C,0x1F
249917,0x0CCF,0x2CDA,goto,0x4DA,0x0C,0x1F
249918,0x0CDA,0x085E,movf,"0x5E, W",0x00,0x1F
249919,0x0CDB,0x3CE0,sublw,0xE0,0xE0,0x1B
249920,0x0CDC,0x1803,btfsc,"0x03, 0",0xE0,0x1B
249921,0x0CDD,0x2CE1,goto,0x4E1,0xE0,0x1B
249922,0x0CE1,0x1C88,btfss,"0x08, 1",0xE0,0x1B
249923,0x0004,0x00FF,movwf,0x7F,0xE0,0x1B
249924,0x0005,0x0E03,swapf,"0x03, W",0xB1,0x1B
249925,0x0006,0x0183,clrf,0x03,0xB1,0x04
249926,0x0007,0x00A1,movwf,0x21,0xB1,0x04
249927,0x0008,0x080A,movf,"0x0A, W",0x08,0x00
249928,0x0009,0x00A0,movwf,0x20,0x08,0x00
249929,0x000A,0x018A,clrf,0x0A,0x08,0x04
249930,0x000B,0x0804,movf,"0x04, W",0xCE,0x00
249931,0x000C,0x00A2,movwf,0x22,0xCE,0x00
249932,0x000D,0x0877,movf,"0x77, W",0x00,0x04
249933,0x000E,0x00A3,movwf,0x23,0x00,0x04
249934,0x000F,0x0878,movf,"0x78, W",0x00,0x04
249935,0x0010,0x00A4,movwf,0x24,0x00,0x04
249936,0x0011,0x0879,movf,"0x79, W",0x13,0x00
249937,0x0012,0x00A5,movwf,0x25,0x13,0x00
249938,0x0013,0x087A,movf,"0x7A, W",0x00,0x04
249939,0x0014,0x00A6,movwf,0x26,0x00,0x04
249940,0x0015,0x087B,movf,"0x7B, W",0x00,0x04
249941,0x0016,0x00A7,movwf,0x27,0x00,0x04
249942,0x0017,0x1383,bcf,"0x03, 7",0x00,0x04
249943,0x0018,0x1283,bcf,"0x03, 5",0x00,0x04
249944,0x0019,0x1E0B,btfss,"0x0B, 4",0x00,0x04
249945,0x001B,0x188B,btfsc,"0x0B, 1",0x00,0x04
249946,0x001D,0x308C,movlw,0x8C,0x8C,0x04
249947,0x001E,0x0084,movwf,0x04,0x8C,0x04
249948,0x001F,0x1E80,btfss,"0x00, 5",0x8C,0x04
249949,0x0021,0x1A8C,btfsc,"0x0C, 5",0x8C,0x04
249950,0x0023,0x308C,movlw,0x8C,0x8C,0x04
249951,0x0024,0x0084,movwf,0x04,0x8C,0x04
249952,0x0025,0x1C80,btfss,"0x00, 1",0x8C,0x04
249953,0x0027,0x188C,btfsc,"0x0C, 1",0x8C,0x04
249954,0x0028,0x2842,goto,0x042,0x8C,0x04
249955,0x0042,0x118A,bcf,"0x0A, 3",0x8C,0x04
249956,0x0043,0x120A,bcf,"0x0A, 4",0x8C,0x04
249957,0x0044,0x298B,goto,0x18B,0x8C,0x04
249958,0x018B,0x0FB1,incfsz,"0x31, F",0x8C,0x04
249959,0x018C,0x298F,goto,0x18F,0x8C,0x04
249960,0x018F,0x1FCC,btfss,"0x4C, 7",0x8C,0x04
249961,0x0190,0x2995,goto,0x195,0x8C,0x04
249962,0x0195,0x08B8,movf,"0x38, F",0x8C,0x04
249963,0x0196,0x1D03,btfss,"0x03, 2",0x8C,0x04
249964,0x0198,0x299A,goto,0x19A,0x8C,0x04
249965,0x019A,0x108C,bcf,"0x0C, 1",0x8C,0x04
249966,0x019B,0x118A,bcf,"0x0A, 3",0x8C,0x04
249967,0x019C,0x120A,bcf,"0x0A, 4",0x8C,0x04
249968,0x019D,0x2829,goto,0x029,0x8C,0x04
249969,0x0029,0x0822,movf,"0x22, W",0xCE,0x00
249970,0x002A,0x0084,movwf,0x04,0xCE,0x00
249971,0x002B,0x0823,movf,"0x23, W",0x00,0x04
249972,0x002C,0x00F7,movwf,0x77,0x00,0x04
249973,0x002D,0x0824,movf,"0x24, W",0x00,0x04
249974,0x002E,0x00F8,movwf,0x78,0x00,0x04
249975,0x002F,0x0825,movf,"0x25, W",0x13,0x00
249976,0x0030,0x00F9,movwf,0x79,0x13,0x00
249977,0x0031,0x0826,movf,"0x26, W",0x00,0x04
249978,0x0032,0x00FA,movwf,0x7A,0x00,0x04
249979,0x0033,0x0827,movf,"0x27, W",0x00,0x04
249980,0x0034,0x00FB,movwf,0x7B,0x00,0x04
249981,0x0035,0x0820,movf,"0x20, W",0x08,0x00
249982,0x0036,0x008A,movwf,0x0A,0x08,0x00
249983,0x0037,0x0E21,swapf,"0x21, W",0x1B,0x00
249984,0x0038,0x0083,movwf,0x03,0x1B,0x1B
249985,0x0039,0x0EFF,swapf,"0x7F, F",0x1B,0x1B
249986,0x003A,0x0E7F,swapf,"0x7F, W",0xE0,0x1B
249987,0x003B,0x0009,retfie,,0xE0,0x1B
249988,0x0CE2,0x2CEF,goto,0x4EF,0xE0,0x1B
249989,0x0CEF,0x085F,movf,"0x5F, W",0x00,0x1F
249990,0x0CF0,0x3CB3,sublw,0xB3,0xB3,0x1B
249991,0x0CF1,0x1C03,btfss,"0x03, 0",0xB3,0x1B
249992,0x0CF3,0x1130,bcf,"0x30, 2",0xB3,0x1B
249993,0x0CF4,0x11CF,bcf,"0x4F, 3",0xB3,0x1B
249994,0x0CF5,0x01DF,clrf,0x5F,0xB3,0x1F
249995,0x0CF6,0x085F,movf,"0x5F, W",0x00,0x1F
249996,0x0CF7,0x3CB3,sublw,0xB3,0xB3,0x1B
249997,0x0CF8,0x1803,btfsc,"0x03, 0",0xB3,0x1B
249998,0x0CF9,0x2CFE,goto,0x4FE,0xB3,0x1B
249999,0x0CFE,0x1F4F,btfss,"0x4F, 6",0xB3,0x1B
250000,0x0CFF,0x2D01,goto,0x501,0xB3,0x1B
250001,0x0004,0x00FF,movwf,0x7F,0xB3,0x1B
250002,0x0005,0x0E03,swapf,"0x03, W",0xB1,0x1B
250003,0x0006,0x0183,clrf,0x03,0xB1,0x04
250004,0x0007,0x00A1,movwf,0x21,0xB1,0x04
250005,0x0008,0x080A,movf,"0x0A, W",0x08,0x00
250006,0x0009,0x00A0,movwf,0x20,0x08,0x00
250007,0x000A,0x018A,clrf,0x0A,0x08,0x04
250008,0x000B,0x0804,movf,"0x04, W",0xCE,0x00
250009,0x000C,0x00A2,movwf,0x22,0xCE,0x00
250010,0x000D,0x0877,movf,"0x77, W",0x00,0x04
250011,0x000E,0x00A3,movwf,0x23,0x00,0x04
250012,0x000F,0x0878,movf,"0x78, W",0x00,0x04
250013,0x0010,0x00A4,movwf,0x24,0x00,0x04
250014,0x0011,0x0879,movf,"0x79, W",0x13,0x00
250015,0x0012,0x00A5,movwf,0x25,0x13,0x00
250016,0x0013,0x087A,movf,"0x7A, W",0x00,0x04
250017,0x0014,0x00A6,movwf,0x26,0x00,0x04
250018,0x0015,0x087B,movf,"0x7B, W",0x00,0x04
250019,0x0016,0x00A7,movwf,0x27,0x00,0x04
250020,0x0017,0x1383,bcf,"0x03, 7",0x00,0x04
250021,0x0018,0x1283,bcf,"0x03, 5",0x00,0x04
250022,0x0019,0x1E0B,btfss,"0x0B, 4",0x00,0x04
250023,0x001B,0x188B,btfsc,"0x0B, 1",0x00,0x04
250024,0x001D,0x308C,movlw,0x8C,0x8C,0x04
250025,0x001E,0x0084,movwf,0x04,0x8C,0x04
250026,0x001F,0x1E80,btfss,"0x00, 5",0x8C,0x04
250027,0x0021,0x1A8C,btfsc,"0x0C, 5",0x8C,0x04
250028,0x0022,0x283F,goto,0x03F,0x8C,0x04
250029,0x003F,0x118A,bcf,"0x0A, 3",0x8C,0x04
250030,0x0040,0x120A,bcf,"0x0A, 4",0x8C,0x04
250031,0x0041,0x28AE,goto,0x0AE,0x8C,0x04
250032,0x00AE,0x1E8C,btfss,"0x0C, 5",0x8C,0x04
250033,0x00B0,0x081A,movf,"0x1A, W",0x43,0x00
250034,0x00B1,0x1683,bsf,"0x03, 5",0x43,0x20
250035,0x00B2,0x00E5,movwf,0x65,0x43,0x20
250036,0x00B3,0x0865,movf,"0x65, W",0x43,0x20
250037,0x00B4,0x3C03,sublw,0x03,0xC0,0x22
250038,0x00B5,0x1D03,btfss,"0x03, 2",0xC0,0x22
250039,0x00B6,0x28BA,goto,0x0BA,0xC0,0x22
250040,0x00BA,0x0841,movf,"0x41, W",0x00,0x26
250041,0x00BB,0x0AC1,incf,"0x41, F",0x00,0x22
250042,0x00BC,0x3EA3,addlw,0xA3,0xA3,0x20
250043,0x00BD,0x0084,movwf,0x04,0xA3,0x20
250044,0x00BE,0x0865,movf,"0x65, W",0x43,0x20
250045,0x00BF,0x0080,movwf,0x00,0x43,0x20
250046,0x00C0,0x0AC0,incf,"0x40, F",0x43,0x20
250047,0x00C1,0x0841,movf,"0x41, W",0x01,0x20
250048,0x00C2,0x3C1C,sublw,0x1C,0x1B,0x23
250049,0x00C3,0x1803,btfsc,"0x03, 0",0x1B,0x23
250050,0x00C4,0x28CC,goto,0x0CC,0x1B,0x23
250051,0x00CC,0x1283,bcf,"0x03, 5",0x1B,0x03
250052,0x00CD,0x28AE,goto,0x0AE,0x1B,0x03
250053,0x00AE,0x1E8C,btfss,"0x0C, 5",0x1B,0x03
250054,0x00B0,0x081A,movf,"0x1A, W",0x52,0x03
250055,0x00B1,0x1683,bsf,"0x03, 5",0x52,0x23
250056,0x00B2,0x00E5,movwf,0x65,0x52,0x23
250057,0x00B3,0x0865,movf,"0x65, W",0x52,0x23
250058,0x00B4,0x3C03,sublw,0x03,0xB1,0x22
250059,0x00B5,0x1D03,btfss,"0x03, 2",0xB1,0x22
250060,0x00B6,0x28BA,goto,0x0BA,0xB1,0x22
250061,0x00BA,0x0841,movf,"0x41, W",0x01,0x22
250062,0x00BB,0x0AC1,incf,"0x41, F",0x01,0x22
250063,0x00BC,0x3EA3,addlw,0xA3,0xA4,0x20
250064,0x00BD,0x0084,movwf,0x04,0xA4,0x20
250065,0x00BE,0x0865,movf,"0x65, W",0x52,0x20
250066,0x00BF,0x0080,movwf,0x00,0x52,0x20
250067,0x00C0,0x0AC0,incf,"0x40, F",0x52,0x20
250068,0x00C1,0x0841,movf,"0x41, W",0x02,0x20
250069,0x00C2,0x3C1C,sublw,0x1C,0x1A,0x23
250070,0x00C3,0x1803,btfsc,"0x03, 0",0x1A,0x23
250071,0x00C4,0x28CC,goto,0x0CC,0x1A,0x23
250072,0x00CC,0x1283,bcf,"0x03, 5",0x1A,0x03
250073,0x00CD,0x28AE,goto,0x0AE,0x1A,0x03
250074,0x00AE,0x1E8C,btfss,"0x0C, 5",0x1A,0x03
250075,0x00B0,0x081A,movf,"0x1A, W",0x30,0x03
250076,0x00B1,0x1683,bsf,"0x03, 5",0x30,0x23
250077,0x00B2,0x00E5,movwf,0x65,0x30,0x23
250078,0x00B3,0x0865,movf,"0x65, W",0x30,0x23
250079,0x00B4,0x3C03,sublw,0x03,0xD3,0x22
250080,0x00B5,0x1D03,btfss,"0x03, 2",0xD3,0x22
250081,0x00B6,0x28BA,goto,0x0BA,0xD3,0x22
250082,0x00BA,0x0841,movf,"0x41, W",0x02,0x22
250083,0x00BB,0x0AC1,incf,"0x41, F",0x02,0x22
250084,0x00BC,0x3EA3,addlw,0xA3,0xA5,0x20
250085,0x00BD,0x0084,movwf,0x04,0xA5,0x20
250086,0x00BE,0x0865,movf,"0x65, W",0x30,0x20
250087,0x00BF,0x0080,movwf,0x00,0x30,0x20
250088,0x00C0,0x0AC0,incf,"0x40, F",0x30,0x20
250089,0x00C1,0x0841,movf,"0x41, W",0x03,0x20
250090,0x00C2,0x3C1C,sublw,0x1C,0x19,0x23
250091,0x00C3,0x1803,btfsc,"0x03, 0",0x19,0x23
250092,0x00C4,0x28CC,goto,0x0CC,0x19,0x23
250093,0x00CC,0x1283,bcf,"0x03, 5",0x19,0x03
250094,0x00CD,0x28AE,goto,0x0AE,0x19,0x03
250095,0x00AE,0x1E8C,btfss,"0x0C, 5",0x19,0x03
250096,0x00B0,0x081A,movf,"0x1A, W",0x30,0x03
250097,0x00B1,0x1683,bsf,"0x03, 5",0x30,0x23
250098,0x00B2,0x00E5,movwf,0x65,0x30,0x23
250099,0x00B3,0x0865,movf,"0x65, W",0x30,0x23
250100,0x00B4,0x3C03,sublw,0x03,0xD3,0x22
250101,0x00B5,0x1D03,btfss,"0x03, 2",0xD3,0x22
250102,0x00B6,0x28BA,goto,0x0BA,0xD3,0x22
250103,0x00BA,0x0841,movf,"0x41, W",0x03,0x22
250104,0x00BB,0x0AC1,incf,"0x41, F",0x03,0x22
250105,0x00BC,0x3EA3,addlw,0xA3,0xA6,0x20
250106,0x00BD,0x0084,movwf,0x04,0xA6,0x20
250107,0x00BE,0x0865,movf,"0x65, W",0x30,0x20
250108,0x00BF,0x0080,movwf,0x00,0x30,0x20
250109,0x00C0,0x0AC0,incf,"0x40, F",0x30,0x20
250110,0x00C1,0x0841,movf,"0x41, W",0x04,0x20
250111,0x00C2,0x3C1C,sublw,0x1C,0x18,0x23
250112,0x00C3,0x1803,btfsc,"0x03, 0",0x18,0x23
250113,0x00C4,0x28CC,goto,0x0CC,0x18,0x23
250114,0x00CC,0x1283,bcf,"0x03, 5",0x18,0x03
250115,0x00CD,0x28AE,goto,0x0AE,0x18,0x03
250116,0x00AE,0x1E8C,btfss,"0x0C, 5",0x18,0x03
250117,0x00AF,0x28CE,goto,0x0CE,0x18,0x03
250118,0x00CE,0x118A,bcf,"0x0A, 3",0x18,0x03
250119,0x00CF,0x120A,bcf,"0x0A, 4",0x18,0x03
250120,0x00D0,0x2829,goto,0x029,0x18,0x03
250121,0x0029,0x0822,movf,"0x22, W",0xCE,0x03
250122,0x002A,0x0084,movwf,0x04,0xCE,0x03
250123,0x002B,0x0823,movf,"0x23, W",0x00,0x07
250124,0x002C,0x00F7,movwf,0x77,0x00,0x07
250125,0x002D,0x0824,movf,"0x24, W",0x00,0x07
250126,0x002E,0x00F8,movwf,0x78,0x00,0x07
250127,0x002F,0x0825,movf,"0x25, W",0x13,0x03
250128,0x0030,0x00F9,movwf,0x79,0x13,0x03
250129,0x0031,0x0826,movf,"0x26, W",0x00,0x07
250130,0x0032,0x00FA,movwf,0x7A,0x00,0x07
250131,0x0033,0x0827,movf,"0x27, W",0x00,0x07
250132,0x0034,0x00FB,movwf,0x7B,0x00,0x07
250133,0x0035,0x0820,movf,"0x20, W",0x08,0x03
250134,0x0036,0x008A,movwf,0x0A,0x08,0x03
250135,0x0037,0x0E21,swapf,"0x21, W",0x1B,0x03
250136,0x0038,0x0083,movwf,0x03,0x1B,0x1B
250137,0x0039,0x0EFF,swapf,"0x7F, F",0x1B,0x1B
250138,0x003A,0x0E7F,swapf,"0x7F, W",0xB3,0x1B
250139,0x003B,0x0009,retfie,,0xB3,0x1B
250140,0x0D01,0x3400,retlw,0x00,0x00,0x1B
250141,0x18A1,0x160A,bsf,"0x0A, 4",0x00,0x1B
250142,0x18A2,0x120A,bcf,"0x0A, 4",0x00,0x1B
250143,0x18A3,0x2D02,goto,0x502,0x00,0x1B
250144,0x0D02,0x1C7E,btfss,"0x7E, 0",0x00,0x1B
250145,0x0D03,0x2D2A,goto,0x52A,0x00,0x1B
250146,0x0D2A,0x305A,movlw,0x5A,0x5A,0x1B
250147,0x0D2B,0x1683,bsf,"0x03, 5",0x5A,0x3B
250148,0x0D2C,0x00CA,movwf,0x4A,0x5A,0x3B
250149,0x0D2D,0x30AA,movlw,0xAA,0xAA,0x3B
250150,0x0D2E,0x00CB,movwf,0x4B,0xAA,0x3B
250151,0x0D2F,0x1283,bcf,"0x03, 5",0xAA,0x1B
250152,0x0D30,0x19D1,btfsc,"0x51, 3",0xAA,0x1B
250153,0x0D32,0x0857,movf,"0x57, W",0x00,0x1F
250154,0x0D33,0x3C13,sublw,0x13,0x13,0x1B
250155,0x0D34,0x1C03,btfss,"0x03, 0",0x13,0x1B
250156,0x0D36,0x01A9,clrf,0x29,0x13,0x1F
250157,0x0D37,0x084C,movf,"0x4C, W",0x00,0x1F
250158,0x0D38,0x3970,andlw,0x70,0x00,0x1F
250159,0x0D39,0x3C20,sublw,0x20,0x20,0x1B
250160,0x0D3A,0x1903,btfsc,"0x03, 2",0x20,0x1B
250161,0x0D3C,0x084C,movf,"0x4C, W",0x00,0x1F
250162,0x0D3D,0x3907,andlw,0x07,0x00,0x1F
250163,0x0D3E,0x00F7,movwf,0x77,0x00,0x1F
250164,0x0D3F,0x0DF7,rlf,"0x77, F",0x00,0x1E
250165,0x0D40,0x0DF7,rlf,"0x77, F",0x00,0x1E
250166,0x0D41,0x30FC,movlw,0xFC,0xFC,0x1E
250167,0x0D42,0x05F7,andwf,"0x77, F",0xFC,0x1E
250168,0x0D43,0x0877,movf,"0x77, W",0x00,0x1E
250169,0x0D44,0x3E19,addlw,0x19,0x19,0x18
250170,0x0D45,0x00A9,movwf,0x29,0x19,0x18
250171,0x0D46,0x2DA3,goto,0x5A3,0x19,0x18
250172,0x0DA3,0x158A,bsf,"0x0A, 3",0x19,0x18
250173,0x0DA4,0x160A,bsf,"0x0A, 4",0x19,0x18
250174,0x0DA5,0x28A4,goto,0x0A4,0x19,0x18
250175,0x18A4,0x160A,bsf,"0x0A, 4",0x19,0x18
250176,0x18A5,0x1CF0,btfss,"0x70, 1",0x19,0x18
250177,0x18A6,0x28C0,goto,0x0C0,0x19,0x18
250178,0x18C0,0x120A,bcf,"0x0A, 4",0x19,0x18
250179,0x0004,0x00FF,movwf,0x7F,0x19,0x18
250180,0x0005,0x0E03,swapf,"0x03, W",0x81,0x18
250181,0x0006,0x0183,clrf,0x03,0x81,0x04
250182,0x0007,0x00A1,movwf,0x21,0x81,0x04
250183,0x0008,0x080A,movf,"0x0A, W",0x08,0x00
250184,0x0009,0x00A0,movwf,0x20,0x08,0x00
250185,0x000A,0x018A,clrf,0x0A,0x08,0x04
250186,0x000B,0x0804,movf,"0x04, W",0xCE,0x00
250187,0x000C,0x00A2,movwf,0x22,0xCE,0x00
250188,0x000D,0x0877,movf,"0x77, W",0x00,0x04
250189,0x000E,0x00A3,movwf,0x23,0x00,0x04
250190,0x000F,0x0878,movf,"0x78, W",0x00,0x04
250191,0x0010,0x00A4,movwf,0x24,0x00,0x04
250192,0x0011,0x0879,movf,"0x79, W",0x13,0x00
250193,0x0012,0x00A5,movwf,0x25,0x13,0x00
250194,0x0013,0x087A,movf,"0x7A, W",0x00,0x04
250195,0x0014,0x00A6,movwf,0x26,0x00,0x04
250196,0x0015,0x087B,movf,"0x7B, W",0x00,0x04
250197,0x0016,0x00A7,movwf,0x27,0x00,0x04
250198,0x0017,0x1383,bcf,"0x03, 7",0x00,0x04
250199,0x0018,0x1283,bcf,"0x03, 5",0x00,0x04
250200,0x0019,0x1E0B,btfss,"0x0B, 4",0x00,0x04
250201,0x001B,0x188B,btfsc,"0x0B, 1",0x00,0x04
250202,0x001D,0x308C,movlw,0x8C,0x8C,0x04
250203,0x001E,0x0084,movwf,0x04,0x8C,0x04
250204,0x001F,0x1E80,btfss,"0x00, 5",0x8C,0x04
250205,0x0021,0x1A8C,btfsc,"0x0C, 5",0x8C,0x04
250206,0x0023,0x308C,movlw,0x8C,0x8C,0x04
250207,0x0024,0x0084,movwf,0x04,0x8C,0x04
250208,0x0025,0x1C80,btfss,"0x00, 1",0x8C,0x04
250209,0x0027,0x188C,btfsc,"0x0C, 1",0x8C,0x04
250210,0x0028,0x2842,goto,0x042,0x8C,0x04
250211,0x0042,0x118A,bcf,"0x0A, 3",0x8C,0x04
250212,0x0043,0x120A,bcf,"0x0A, 4",0x8C,0x04
250213,0x0044,0x298B,goto,0x18B,0x8C,0x04
250214,0x018B,0x0FB1,incfsz,"0x31, F",0x8C,0x04
250215,0x018C,0x298F,goto,0x18F,0x8C,0x04
250216,0x018F,0x1FCC,btfss,"0x4C, 7",0x8C,0x04
250217,0x0190,0x2995,goto,0x195,0x8C,0x04
250218,0x0195,0x08B8,movf,"0x38, F",0x8C,0x04
250219,0x0196,0x1D03,btfss,"0x03, 2",0x8C,0x04
250220,0x0198,0x299A,goto,0x19A,0x8C,0x04
250221,0x019A,0x108C,bcf,"0x0C, 1",0x8C,0x04
250222,0x019B,0x118A,bcf,"0x0A, 3",0x8C,0x04
250223,0x019C,0x120A,bcf,"0x0A, 4",0x8C,0x04
250224,0x019D,0x2829,goto,0x029,0x8C,0x04
250225,0x0029,0x0822,movf,"0x22, W",0xCE,0x00
250226,0x002A,0x0084,movwf,0x04,0xCE,0x00
250227,0x002B,0x0823,movf,"0x23, W",0x00,0x04
250228,0x002C,0x00F7,movwf,0x77,0x00,0x04
250229,0x002D,0x0824,movf,"0x24, W",0x00,0x04
250230,0x002E,0x00F8,movwf,0x78,0x00,0x04
250231,0x002F,0x0825,movf,"0x25, W",0x13,0x00
250232,0x0030,0x00F9,movwf,0x79,0x13,0x00
250233,0x0031,0x0826,movf,"0x26, W",0x00,0x04
250234,0x0032,0x00FA,movwf,0x7A,0x00,0x04
250235,0x0033,0x0827,movf,"0x27, W",0x00,0x04
250236,0x0034,0x00FB,movwf,0x7B,0x00,0x04
250237,0x0035,0x0820,movf,"0x20, W",0x08,0x00
250238,0x0036,0x008A,movwf,0x0A,0x08,0x00
250239,0x0037,0x0E21,swapf,"0x21, W",0x18,0x00
250240,0x0038,0x0083,movwf,0x03,0x18,0x18
250241,0x0039,0x0EFF,swapf,"0x7F, F",0x18,0x18
250242,0x003A,0x0E7F,swapf,"0x7F, W",0x19,0x18
250243,0x003B,0x0009,retfie,,0x19,0x18
250244,0x18C1,0x2F27,goto,0x727,0x19,0x18
250245,0x0F27,0x1683,bsf,"0x03, 5",0x19,0x38
250246,0x0F28,0x0840,movf,"0x40, W",0x04,0x38
250247,0x0F29,0x00F8,movwf,0x78,0x04,0x38
250248,0x0F2A,0x1283,bcf,"0x03, 5",0x04,0x18
250249,0x0F2B,0x158A,bsf,"0x0A, 3",0x04,0x18
250250,0x0F2C,0x160A,bsf,"0x0A, 4",0x04,0x18
250251,0x0F2D,0x28C2,goto,0x0C2,0x04,0x18
250252,0x18C2,0x160A,bsf,"0x0A, 4",0x04,0x18
250253,0x18C3,0x08F8,movf,"0x78, F",0x04,0x18
250254,0x18C4,0x1903,btfsc,"0x03, 2",0x04,0x18
250255,0x18C6,0x118A,bcf,"0x0A, 3",0x04,0x18
250256,0x18C7,0x28E0,goto,0x0E0,0x04,0x18
250257,0x10E0,0x120A,bcf,"0x0A, 4",0x04,0x18
250258,0x10E1,0x158A,bsf,"0x0A, 3",0x04,0x18
250259,0x10E2,0x272E,call,0x72E,0x04,0x18
250260,0x0F2E,0x1683,bsf,"0x03, 5",0x04,0x38
250261,0x0F2F,0x01D1,clrf,0x51,0x04,0x3C
250262,0x0F30,0x08C0,movf,"0x40, F",0x04,0x38
250263,0x0F31,0x1D03,btfss,"0x03, 2",0x04,0x38
250264,0x0F32,0x2F39,goto,0x739,0x04,0x38
250265,0x0F39,0x08C0,movf,"0x40, F",0x04,0x38
250266,0x0F3A,0x1903,btfsc,"0x03, 2",0x04,0x38
250267,0x0F3C,0x0840,movf,"0x40, W",0x04,0x38
250268,0x0F3D,0x0241,subwf,"0x41, W",0x00,0x3F
250269,0x0F3E,0x1C03,btfss,"0x03, 0",0x00,0x3F
250270,0x0F40,0x0840,movf,"0x40, W",0x04,0x3B
250271,0x0F41,0x0241,subwf,"0x41, W",0x00,0x3F
250272,0x0F42,0x00D2,movwf,0x52,0x00,0x3F
250273,0x0F43,0x0841,movf,"0x41, W",0x04,0x3B
250274,0x0F44,0x0240,subwf,"0x40, W",0x00,0x3F
250275,0x0F45,0x1D03,btfss,"0x03, 2",0x00,0x3F
250276,0x0F47,0x0840,movf,"0x40, W",0x04,0x3B
250277,0x0F48,0x0241,subwf,"0x41, W",0x00,0x3F
250278,0x0F49,0x1803,btfsc,"0x03, 0",0x00,0x3F
250279,0x0F4A,0x2F4F,goto,0x74F,0x00,0x3F
250280,0x0F4F,0x0852,movf,"0x52, W",0x00,0x3F
250281,0x0F50,0x00F8,movwf,0x78,0x00,0x3F
250282,0x0F51,0x30A3,movlw,0xA3,0xA3,0x3F
250283,0x0F52,0x0778,addwf,"0x78, W",0xA3,0x38
250284,0x0F53,0x0084,movwf,0x04,0xA3,0x38
250285,0x0F54,0x0800,movf,"0x00, W",0x43,0x38
250286,0x0F55,0x00D1,movwf,0x51,0x43,0x38
250287,0x0F56,0x03C0,decf,"0x40, F",0x43,0x38
250288,0x0F57,0x0851,movf,"0x51, W",0x43,0x38
250289,0x0F58,0x00F8,movwf,0x78,0x43,0x38
250290,0x0F59,0x2F5E,goto,0x75E,0x43,0x38
250291,0x0F5E,0x1283,bcf,"0x03, 5",0x43,0x18
250292,0x0F5F,0x3400,retlw,0x00,0x00,0x18
250293,0x10E3,0x160A,bsf,"0x0A, 4",0x00,0x18
250294,0x10E4,0x118A,bcf,"0x0A, 3",0x00,0x18
250295,0x10E5,0x0878,movf,"0x78, W",0x43,0x18
250296,0x10E6,0x1683,bsf,"0x03, 5",0x43,0x38
250297,0x10E7,0x00C8,movwf,0x48,0x43,0x38
250298,0x10E8,0x3C43,sublw,0x43,0x00,0x3F
250299,0x10E9,0x1D03,btfss,"0x03, 2",0x00,0x3F
250300,0x10EB,0x120A,bcf,"0x0A, 4",0x00,0x3F
250301,0x10EC,0x158A,bsf,"0x0A, 3",0x00,0x3F
250302,0x10ED,0x1283,bcf,"0x03, 5",0x00,0x1F
250303,0x10EE,0x272E,call,0x72E,0x00,0x1F
250304,0x0F2E,0x1683,bsf,"0x03, 5",0x00,0x3F
250305,0x0F2F,0x01D1,clrf,0x51,0x00,0x3F
250306,0x0F30,0x08C0,movf,"0x40, F",0x00,0x3B
250307,0x0F31,0x1D03,btfss,"0x03, 2",0x00,0x3B
250308,0x0F32,0x2F39,goto,0x739,0x00,0x3B
250309,0x0F39,0x08C0,movf,"0x40, F",0x00,0x3B
250310,0x0F3A,0x1903,btfsc,"0x03, 2",0x00,0x3B
250311,0x0F3C,0x0840,movf,"0x40, W",0x03,0x3B
250312,0x0F3D,0x0241,subwf,"0x41, W",0x01,0x3B
250313,0x0F3E,0x1C03,btfss,"0x03, 0",0x01,0x3B
250314,0x0F40,0x0840,movf,"0x40, W",0x03,0x3B
250315,0x0F41,0x0241,subwf,"0x41, W",0x01,0x3B
250316,0x0F42,0x00D2,movwf,0x52,0x01,0x3B
250317,0x0F43,0x0841,movf,"0x41, W",0x04,0x3B
250318,0x0F44,0x0240,subwf,"0x40, W",0xFF,0x38
250319,0x0F45,0x1D03,btfss,"0x03, 2",0xFF,0x38
250320,0x0F46,0x2F47,goto,0x747,0xFF,0x38
250321,0x0F47,0x0840,movf,"0x40, W",0x03,0x38
250322,0x0F48,0x0241,subwf,"0x41, W",0x01,0x3B
250323,0x0F49,0x1803,btfsc,"0x03, 0",0x01,0x3B
250324,0x0F4A,0x2F4F,goto,0x74F,0x01,0x3B
250325,0x0F4F,0x0852,movf,"0x52, W",0x01,0x3B
250326,0x0F50,0x00F8,movwf,0x78,0x01,0x3B
250327,0x0F51,0x30A3,movlw,0xA3,0xA3,0x3B
250328,0x0F52,0x0778,addwf,"0x78, W",0xA4,0x38
250329,0x0F53,0x0084,movwf,0x04,0xA4,0x38
250330,0x0F54,0x0800,movf,"0x00, W",0x52,0x38
250331,0x0F55,0x00D1,movwf,0x51,0x52,0x38
250332,0x0F56,0x03C0,decf,"0x40, F",0x52,0x38
250333,0x0F57,0x0851,movf,"0x51, W",0x52,0x38
250334,0x0F58,0x00F8,movwf,0x78,0x52,0x38
250335,0x0F59,0x2F5E,goto,0x75E,0x52,0x38
250336,0x0F5E,0x1283,bcf,"0x03, 5",0x52,0x18
250337,0x0F5F,0x3400,retlw,0x00,0x00,0x18
250338,0x10EF,0x160A,bsf,"0x0A, 4",0x00,0x18
250339,0x10F0,0x118A,bcf,"0x0A, 3",0x00,0x18
250340,0x10F1,0x0878,movf,"0x78, W",0x52,0x18
250341,0x10F2,0x1683,bsf,"0x03, 5",0x52,0x38
250342,0x10F3,0x00C9,movwf,0x49,0x52,0x38
250343,0x10F4,0x3C57,sublw,0x57,0x05,0x3B
250344,0x10F5,0x1D03,btfss,"0x03, 2",0x05,0x3B
250345,0x10F6,0x2A0D,goto,0x20D,0x05,0x3B
250346,0x120D,0x0849,movf,"0x49, W",0x52,0x3B
250347,0x120E,0x3C52,sublw,0x52,0x00,0x3F
250348,0x120F,0x1D03,btfss,"0x03, 2",0x00,0x3F
250349,0x1211,0x120A,bcf,"0x0A, 4",0x00,0x3F
250350,0x1212,0x158A,bsf,"0x0A, 3",0x00,0x3F
250351,0x1213,0x1283,bcf,"0x03, 5",0x00,0x1F
250352,0x1214,0x277C,call,0x77C,0x00,0x1F
250353,0x0F7C,0x272E,call,0x72E,0x00,0x1F
250354,0x0F2E,0x1683,bsf,"0x03, 5",0x00,0x3F
250355,0x0F2F,0x01D1,clrf,0x51,0x00,0x3F
250356,0x0F30,0x08C0,movf,"0x40, F",0x00,0x3B
250357,0x0F31,0x1D03,btfss,"0x03, 2",0x00,0x3B
250358,0x0F32,0x2F39,goto,0x739,0x00,0x3B
250359,0x0F39,0x08C0,movf,"0x40, F",0x00,0x3B
250360,0x0F3A,0x1903,btfsc,"0x03, 2",0x00,0x3B
250361,0x0F3C,0x0840,movf,"0x40, W",0x02,0x3B
250362,0x0F3D,0x0241,subwf,"0x41, W",0x02,0x3B
250363,0x0F3E,0x1C03,btfss,"0x03, 0",0x02,0x3B
250364,0x0F40,0x0840,movf,"0x40, W",0x02,0x3B
250365,0x0F41,0x0241,subwf,"0x41, W",0x02,0x3B
250366,0x0F42,0x00D2,movwf,0x52,0x02,0x3B
250367,0x0F43,0x0841,movf,"0x41, W",0x04,0x3B
250368,0x0F44,0x0240,subwf,"0x40, W",0xFE,0x38
250369,0x0F45,0x1D03,btfss,"0x03, 2",0xFE,0x38
250370,0x0F46,0x2F47,goto,0x747,0xFE,0x38
250371,0x0F47,0x0840,movf,"0x40, W",0x02,0x38
250372,0x0F48,0x0241,subwf,"0x41, W",0x02,0x3B
250373,0x0F49,0x1803,btfsc,"0x03, 0",0x02,0x3B
250374,0x0F4A,0x2F4F,goto,0x74F,0x02,0x3B
250375,0x0F4F,0x0852,movf,"0x52, W",0x02,0x3B
250376,0x0F50,0x00F8,movwf,0x78,0x02,0x3B
250377,0x0F51,0x30A3,movlw,0xA3,0xA3,0x3B
250378,0x0F52,0x0778,addwf,"0x78, W",0xA5,0x38
250379,0x0F53,0x0084,movwf,0x04,0xA5,0x38
250380,0x0F54,0x0800,movf,"0x00, W",0x30,0x38
250381,0x0F55,0x00D1,movwf,0x51,0x30,0x38
250382,0x0F56,0x03C0,decf,"0x40, F",0x30,0x38
250383,0x0F57,0x0851,movf,"0x51, W",0x30,0x38
250384,0x0F58,0x00F8,movwf,0x78,0x30,0x38
250385,0x0F59,0x2F5E,goto,0x75E,0x30,0x38
250386,0x0F5E,0x1283,bcf,"0x03, 5",0x30,0x18
250387,0x0F5F,0x3400,retlw,0x00,0x00,0x18
250388,0x0F7D,0x0878,movf,"0x78, W",0x30,0x18
250389,0x0F7E,0x1683,bsf,"0x03, 5",0x30,0x38
250390,0x0F7F,0x00CF,movwf,0x4F,0x30,0x38
250391,0x0F80,0x1283,bcf,"0x03, 5",0x30,0x18
250392,0x0F81,0x272E,call,0x72E,0x30,0x18
250393,0x0F2E,0x1683,bsf,"0x03, 5",0x30,0x38
250394,0x0F2F,0x01D1,clrf,0x51,0x30,0x3C
250395,0x0F30,0x08C0,movf,"0x40, F",0x30,0x38
250396,0x0F31,0x1D03,btfss,"0x03, 2",0x30,0x38
250397,0x0F32,0x2F39,goto,0x739,0x30,0x38
250398,0x0F39,0x08C0,movf,"0x40, F",0x30,0x38
250399,0x0F3A,0x1903,btfsc,"0x03, 2",0x30,0x38
250400,0x0F3C,0x0840,movf,"0x40, W",0x01,0x38
250401,0x0F3D,0x0241,subwf,"0x41, W",0x03,0x3B
250402,0x0F3E,0x1C03,btfss,"0x03, 0",0x03,0x3B
250403,0x0F40,0x0840,movf,"0x40, W",0x01,0x3B
250404,0x0F41,0x0241,subwf,"0x41, W",0x03,0x3B
250405,0x0F42,0x00D2,movwf,0x52,0x03,0x3B
250406,0x0F43,0x0841,movf,"0x41, W",0x04,0x3B
250407,0x0F44,0x0240,subwf,"0x40, W",0xFD,0x38
250408,0x0F45,0x1D03,btfss,"0x03, 2",0xFD,0x38
250409,0x0F46,0x2F47,goto,0x747,0xFD,0x38
250410,0x0F47,0x0840,movf,"0x40, W",0x01,0x38
250411,0x0F48,0x0241,subwf,"0x41, W",0x03,0x3B
250412,0x0F49,0x1803,btfsc,"0x03, 0",0x03,0x3B
250413,0x0F4A,0x2F4F,goto,0x74F,0x03,0x3B
250414,0x0F4F,0x0852,movf,"0x52, W",0x03,0x3B
250415,0x0F50,0x00F8,movwf,0x78,0x03,0x3B
250416,0x0F51,0x30A3,movlw,0xA3,0xA3,0x3B
250417,0x0F52,0x0778,addwf,"0x78, W",0xA6,0x38
250418,0x0F53,0x0084,movwf,0x04,0xA6,0x38
250419,0x0F54,0x0800,movf,"0x00, W",0x30,0x38
250420,0x0F55,0x00D1,movwf,0x51,0x30,0x38
250421,0x0F56,0x03C0,decf,"0x40, F",0x30,0x3C
250422,0x0F57,0x0851,movf,"0x51, W",0x30,0x38
250423,0x0F58,0x00F8,movwf,0x78,0x30,0x38
250424,0x0F59,0x2F5E,goto,0x75E,0x30,0x38
250425,0x0F5E,0x1283,bcf,"0x03, 5",0x30,0x18
250426,0x0F5F,0x3400,retlw,0x00,0x00,0x18
250427,0x0F82,0x0878,movf,"0x78, W",0x30,0x18
250428,0x0F83,0x1683,bsf,"0x03, 5",0x30,0x38
250429,0x0F84,0x00D0,movwf,0x50,0x30,0x38
250430,0x0F85,0x084F,movf,"0x4F, W",0x30,0x38
250431,0x0F86,0x00D1,movwf,0x51,0x30,0x38
250432,0x0F87,0x1283,bcf,"0x03, 5",0x30,0x18
250433,0x0F88,0x2760,call,0x760,0x30,0x18
250434,0x0F60,0x1683,bsf,"0x03, 5",0x30,0x38
250435,0x0004,0x00FF,movwf,0x7F,0x30,0x38
250436,0x0005,0x0E03,swapf,"0x03, W",0x83,0x38
250437,0x0006,0x0183,clrf,0x03,0x83,0x04
250438,0x0007,0x00A1,movwf,0x21,0x83,0x04
250439,0x0008,0x080A,movf,"0x0A, W",0x08,0x00
250440,0x0009,0x00A0,movwf,0x20,0x08,0x00
250441,0x000A,0x018A,clrf,0x0A,0x08,0x04
250442,0x000B,0x0804,movf,"0x04, W",0xA6,0x00
250443,0x000C,0x00A2,movwf,0x22,0xA6,0x00
250444,0x000D,0x0877,movf,"0x77, W",0x00,0x04
250445,0x000E,0x00A3,movwf,0x23,0x00,0x04
250446,0x000F,0x0878,movf,"0x78, W",0x30,0x00
250447,0x0010,0x00A4,movwf,0x24,0x30,0x00
250448,0x0011,0x0879,movf,"0x79, W",0x13,0x00
250449,0x0012,0x00A5,movwf,0x25,0x13,0x00
250450,0x0013,0x087A,movf,"0x7A, W",0x00,0x04
250451,0x0014,0x00A6,movwf,0x26,0x00,0x04
250452,0x0015,0x087B,movf,"0x7B, W",0x00,0x04
250453,0x0016,0x00A7,movwf,0x27,0x00,0x04
250454,0x0017,0x1383,bcf,"0x03, 7",0x00,0x04
250455,0x0018,0x1283,bcf,"0x03, 5",0x00,0x04
250456,0x0019,0x1E0B,btfss,"0x0B, 4",0x00,0x04
250457,0x001B,0x188B,btfsc,"0x0B, 1",0x00,0x04
250458,0x001D,0x308C,movlw,0x8C,0x8C,0x04
250459,0x001E,0x0084,movwf,0x04,0x8C,0x04
250460,0x001F,0x1E80,btfss,"0x00, 5",0x8C,0x04
250461,0x0021,0x1A8C,btfsc,"0x0C, 5",0x8C,0x04
250462,0x0023,0x308C,movlw,0x8C,0x8C,0x04
250463,0x0024,0x0084,movwf,0x04,0x8C,0x04
250464,0x0025,0x1C80,btfss,"0x00, 1",0x8C,0x04
250465,0x0027,0x188C,btfsc,"0x0C, 1",0x8C,0x04
250466,0x0028,0x2842,goto,0x042,0x8C,0x04
250467,0x0042,0x118A,bcf,"0x0A, 3",0x8C,0x04
250468,0x0043,0x120A,bcf,"0x0A, 4",0x8C,0x04
250469,0x0044,0x298B,goto,0x18B,0x8C,0x04
250470,0x018B,0x0FB1,incfsz,"0x31, F",0x8C,0x04
250471,0x018C,0x298F,goto,0x18F,0x8C,0x04
250472,0x018F,0x1FCC,btfss,"0x4C, 7",0x8C,0x04
250473,0x0190,0x2995,goto,0x195,0x8C,0x04
250474,0x0195,0x08B8,movf,"0x38, F",0x8C,0x04
250475,0x0196,0x1D03,btfss,"0x03, 2",0x8C,0x04
250476,0x0198,0x299A,goto,0x19A,0x8C,0x04
250477,0x019A,0x108C,bcf,"0x0C, 1",0x8C,0x04
250478,0x019B,0x118A,bcf,"0x0A, 3",0x8C,0x04
250479,0x019C,0x120A,bcf,"0x0A, 4",0x8C,0x04
250480,0x019D,0x2829,goto,0x029,0x8C,0x04
250481,0x0029,0x0822,movf,"0x22, W",0xA6,0x00
250482,0x002A,0x0084,movwf,0x04,0xA6,0x00
250483,0x002B,0x0823,movf,"0x23, W",0x00,0x04
250484,0x002C,0x00F7,movwf,0x77,0x00,0x04
250485,0x002D,0x0824,movf,"0x24, W",0x30,0x00
250486,0x002E,0x00F8,movwf,0x78,0x30,0x00
250487,0x002F,0x0825,movf,"0x25, W",0x13,0x00
250488,0x0030,0x00F9,movwf,0x79,0x13,0x00
250489,0x0031,0x0826,movf,"0x26, W",0x00,0x04
250490,0x0032,0x00FA,movwf,0x7A,0x00,0x04
250491,0x0033,0x0827,movf,"0x27, W",0x00,0x04
250492,0x0034,0x00FB,movwf,0x7B,0x00,0x04
250493,0x0035,0x0820,movf,"0x20, W",0x08,0x00
250494,0x0036,0x008A,movwf,0x0A,0x08,0x00
250495,0x0037,0x0E21,swapf,"0x21, W",0x38,0x00
250496,0x0038,0x0083,movwf,0x03,0x38,0x38
250497,0x0039,0x0EFF,swapf,"0x7F, F",0x38,0x38
250498,0x003A,0x0E7F,swapf,"0x7F, W",0x30,0x38
250499,0x003B,0x0009,retfie,,0x30,0x38
250500,0x0F61,0x0851,movf,"0x51, W",0x30,0x38
250501,0x0F62,0x3C2F,sublw,0x2F,0xFF,0x3A
250502,0x0F63,0x1803,btfsc,"0x03, 0",0xFF,0x3A
250503,0x0F65,0x0851,movf,"0x51, W",0x30,0x3A
250504,0x0F66,0x3C39,sublw,0x39,0x09,0x3B
250505,0x0F67,0x1C03,btfss,"0x03, 0",0x09,0x3B
250506,0x0F69,0x3030,movlw,0x30,0x30,0x3B
250507,0x0F6A,0x0251,subwf,"0x51, W",0x00,0x3F
250508,0x0F6B,0x00D2,movwf,0x52,0x00,0x3F
250509,0x0F6C,0x0851,movf,"0x51, W",0x30,0x3B
250510,0x0F6D,0x3C40,sublw,0x40,0x10,0x3B
250511,0x0F6E,0x1803,btfsc,"0x03, 0",0x10,0x3B
250512,0x0F6F,0x2F78,goto,0x778,0x10,0x3B
250513,0x0F78,0x0852,movf,"0x52, W",0x00,0x3F
250514,0x0F79,0x00F8,movwf,0x78,0x00,0x3F
250515,0x0F7A,0x1283,bcf,"0x03, 5",0x00,0x1F
250516,0x0F7B,0x3400,retlw,0x00,0x00,0x1F
250517,0x0F89,0x0E78,swapf,"0x78, W",0x00,0x1F
250518,0x0F8A,0x1683,bsf,"0x03, 5",0x00,0x3F
250519,0x0F8B,0x00CE,movwf,0x4E,0x00,0x3F
250520,0x0F8C,0x30F0,movlw,0xF0,0xF0,0x3F
250521,0x0F8D,0x05CE,andwf,"0x4E, F",0xF0,0x3F
250522,0x0F8E,0x0850,movf,"0x50, W",0x30,0x3B
250523,0x0F8F,0x00D1,movwf,0x51,0x30,0x3B
250524,0x0F90,0x1283,bcf,"0x03, 5",0x30,0x1B
250525,0x0F91,0x2760,call,0x760,0x30,0x1B
250526,0x0F60,0x1683,bsf,"0x03, 5",0x30,0x3B
250527,0x0F61,0x0851,movf,"0x51, W",0x30,0x3B
250528,0x0F62,0x3C2F,sublw,0x2F,0xFF,0x3A
250529,0x0F63,0x1803,btfsc,"0x03, 0",0xFF,0x3A
250530,0x0F65,0x0851,movf,"0x51, W",0x30,0x3A
250531,0x0F66,0x3C39,sublw,0x39,0x09,0x3B
250532,0x0F67,0x1C03,btfss,"0x03, 0",0x09,0x3B
250533,0x0F69,0x3030,movlw,0x30,0x30,0x3B
250534,0x0F6A,0x0251,subwf,"0x51, W",0x00,0x3F
250535,0x0F6B,0x00D2,movwf,0x52,0x00,0x3F
250536,0x0F6C,0x0851,movf,"0x51, W",0x30,0x3B
250537,0x0F6D,0x3C40,sublw,0x40,0x10,0x3B
250538,0x0F6E,0x1803,btfsc,"0x03, 0",0x10,0x3B
250539,0x0F6F,0x2F78,goto,0x778,0x10,0x3B
250540,0x0F78,0x0852,movf,"0x52, W",0x00,0x3F
250541,0x0F79,0x00F8,movwf,0x78,0x00,0x3F
250542,0x0F7A,0x1283,bcf,"0x03, 5",0x00,0x1F
250543,0x0F7B,0x3400,retlw,0x00,0x00,0x1F
250544,0x0F92,0x0878,movf,"0x78, W",0x00,0x1F
250545,0x0F93,0x1683,bsf,"0x03, 5",0x00,0x3F
250546,0x0F94,0x07CE,addwf,"0x4E, F",0x00,0x3C
250547,0x0F95,0x084E,movf,"0x4E, W",0x00,0x3C
250548,0x0F96,0x00F8,movwf,0x78,0x00,0x3C
250549,0x0F97,0x1283,bcf,"0x03, 5",0x00,0x1C
250550,0x0F98,0x3400,retlw,0x00,0x00,0x1C
250551,0x1215,0x160A,bsf,"0x0A, 4",0x00,0x1C
250552,0x1216,0x118A,bcf,"0x0A, 3",0x00,0x1C
250553,0x1217,0x0878,movf,"0x78, W",0x00,0x1C
250554,0x1218,0x1683,bsf,"0x03, 5",0x00,0x3C
250555,0x1219,0x00CA,movwf,0x4A,0x00,0x3C
250556,0x121A,0x01CB,clrf,0x4B,0x00,0x3C
250557,0x121B,0x084A,movf,"0x4A, W",0x00,0x3C
250558,0x121C,0x3EF1,addlw,0xF1,0xF1,0x38
250559,0x121D,0x1803,btfsc,"0x03, 0",0xF1,0x38
250560,0x121F,0x3E0F,addlw,0x0F,0x00,0x3F
250561,0x1220,0x1283,bcf,"0x03, 5",0x00,0x1F
250562,0x1221,0x2B6E,goto,0x36E,0x00,0x1F
250563,0x136E,0x140A,bsf,"0x0A, 0",0x00,0x1F
250564,0x136F,0x148A,bsf,"0x0A, 1",0x00,0x1F
250565,0x1370,0x110A,bcf,"0x0A, 2",0x00,0x1F
250566,0x1371,0x0782,addwf,"0x02, F",0x00,0x18
250567,0x1372,0x2A22,goto,0x222,0x00,0x18
250568,0x1222,0x01D3,clrf,0x53,0x00,0x1C
250569,0x1223,0x1683,bsf,"0x03, 5",0x00,0x3C
250570,0x1224,0x2AB9,goto,0x2B9,0x00,0x3C
250571,0x12B9,0x2B2F,goto,0x32F,0x00,0x3C
250572,0x132F,0x0848,movf,"0x48, W",0x43,0x38
250573,0x1330,0x1283,bcf,"0x03, 5",0x43,0x18
250574,0x1331,0x1A0C,btfsc,"0x0C, 4",0x43,0x18
250575,0x1332,0x2B35,goto,0x335,0x43,0x18
250576,0x1335,0x0099,movwf,0x19,0x43,0x18
250577,0x1336,0x1683,bsf,"0x03, 5",0x43,0x38
250578,0x1337,0x0849,movf,"0x49, W",0x52,0x38
250579,0x1338,0x1283,bcf,"0x03, 5",0x52,0x18
250580,0x1339,0x1A0C,btfsc,"0x0C, 4",0x52,0x18
250581,0x133A,0x2B3D,goto,0x33D,0x52,0x18
250582,0x133D,0x0099,movwf,0x19,0x52,0x18
250583,0x133E,0x1683,bsf,"0x03, 5",0x52,0x38
250584,0x133F,0x084A,movf,"0x4A, W",0x00,0x3C
250585,0x1340,0x00D6,movwf,0x56,0x00,0x3C
250586,0x1341,0x120A,bcf,"0x0A, 4",0x00,0x3C
250587,0x1342,0x1283,bcf,"0x03, 5",0x00,0x1C
250588,0x1343,0x22AD,call,0x2AD,0x00,0x1C
250589,0x02AD,0x1683,bsf,"0x03, 5",0x00,0x3C
250590,0x02AE,0x0E56,swapf,"0x56, W",0x00,0x3C
250591,0x02AF,0x00D7,movwf,0x57,0x00,0x3C
250592,0x02B0,0x300F,movlw,0x0F,0x0F,0x3C
250593,0x02B1,0x05D7,andwf,"0x57, F",0x0F,0x3C
250594,0x02B2,0x0857,movf,"0x57, W",0x00,0x3C
250595,0x02B3,0x00D8,movwf,0x58,0x00,0x3C
250596,0x02B4,0x1283,bcf,"0x03, 5",0x00,0x1C
250597,0x02B5,0x2297,call,0x297,0x00,0x1C
250598,0x0297,0x300F,movlw,0x0F,0x0F,0x1C
250599,0x0298,0x1683,bsf,"0x03, 5",0x0F,0x3C
250600,0x0299,0x05D8,andwf,"0x58, F",0x0F,0x3C
250601,0x029A,0x0858,movf,"0x58, W",0x00,0x3C
250602,0x029B,0x3C09,sublw,0x09,0x09,0x3B
250603,0x029C,0x1803,btfsc,"0x03, 0",0x09,0x3B
250604,0x029D,0x2AA2,goto,0x2A2,0x09,0x3B
250605,0x02A2,0x3030,movlw,0x30,0x30,0x3B
250606,0x02A3,0x0758,addwf,"0x58, W",0x30,0x38
250607,0x02A4,0x00D9,movwf,0x59,0x30,0x38
250608,0x02A5,0x0859,movf,"0x59, W",0x30,0x38
250609,0x02A6,0x1283,bcf,"0x03, 5",0x30,0x18
250610,0x02A7,0x1A0C,btfsc,"0x0C, 4",0x30,0x18
250611,0x02A8,0x2AAB,goto,0x2AB,0x30,0x18
250612,0x02AB,0x0099,movwf,0x19,0x30,0x18
250613,0x02AC,0x3400,retlw,0x00,0x00,0x18
250614,0x02B6,0x1683,bsf,"0x03, 5",0x00,0x38
250615,0x02B7,0x0856,movf,"0x56, W",0x00,0x3C
250616,0x02B8,0x00D8,movwf,0x58,0x00,0x3C
250617,0x02B9,0x1283,bcf,"0x03, 5",0x00,0x1C
250618,0x02BA,0x2297,call,0x297,0x00,0x1C
250619,0x0297,0x300F,movlw,0x0F,0x0F,0x1C
250620,0x0298,0x1683,bsf,"0x03, 5",0x0F,0x3C
250621,0x0299,0x05D8,andwf,"0x58, F",0x0F,0x3C
250622,0x029A,0x0858,movf,"0x58, W",0x00,0x3C
250623,0x029B,0x3C09,sublw,0x09,0x09,0x3B
250624,0x029C,0x1803,btfsc,"0x03, 0",0x09,0x3B
250625,0x029D,0x2AA2,goto,0x2A2,0x09,0x3B
250626,0x02A2,0x3030,movlw,0x30,0x30,0x3B
250627,0x02A3,0x0758,addwf,"0x58, W",0x30,0x38
250628,0x02A4,0x00D9,movwf,0x59,0x30,0x38
250629,0x02A5,0x0859,movf,"0x59, W",0x30,0x38
250630,0x02A6,0x1283,bcf,"0x03, 5",0x30,0x18
250631,0x02A7,0x1A0C,btfsc,"0x0C, 4",0x30,0x18
250632,0x02A8,0x2AAB,goto,0x2AB,0x30,0x18
250633,0x02AB,0x0099,movwf,0x19,0x30,0x18
250634,0x02AC,0x3400,retlw,0x00,0x00,0x18
250635,0x02BB,0x3400,retlw,0x00,0x00,0x18
250636,0x1344,0x160A,bsf,"0x0A, 4",0x00,0x18
250637,0x1345,0x1683,bsf,"0x03, 5",0x00,0x38
250638,0x1346,0x084B,movf,"0x4B, W",0x00,0x3C
250639,0x1347,0x00D6,movwf,0x56,0x00,0x3C
250640,0x1348,0x120A,bcf,"0x0A, 4",0x00,0x3C
250641,0x1349,0x1283,bcf,"0x03, 5",0x00,0x1C
250642,0x134A,0x22AD,call,0x2AD,0x00,0x1C
250643,0x02AD,0x1683,bsf,"0x03, 5",0x00,0x3C
250644,0x02AE,0x0E56,swapf,"0x56, W",0x00,0x3C
250645,0x02AF,0x00D7,movwf,0x57,0x00,0x3C
250646,0x02B0,0x300F,movlw,0x0F,0x0F,0x3C
250647,0x02B1,0x05D7,andwf,"0x57, F",0x0F,0x3C
250648,0x02B2,0x0857,movf,"0x57, W",0x00,0x3C
250649,0x02B3,0x00D8,movwf,0x58,0x00,0x3C
250650,0x02B4,0x1283,bcf,"0x03, 5",0x00,0x1C
250651,0x02B5,0x2297,call,0x297,0x00,0x1C
250652,0x0297,0x300F,movlw,0x0F,0x0F,0x1C
250653,0x0298,0x1683,bsf,"0x03, 5",0x0F,0x3C
250654,0x0299,0x05D8,andwf,"0x58, F",0x0F,0x3C
250655,0x029A,0x0858,movf,"0x58, W",0x00,0x3C
250656,0x029B,0x3C09,sublw,0x09,0x09,0x3B
250657,0x029C,0x1803,btfsc,"0x03, 0",0x09,0x3B
250658,0x029D,0x2AA2,goto,0x2A2,0x09,0x3B
250659,0x02A2,0x3030,movlw,0x30,0x30,0x3B
250660,0x02A3,0x0758,addwf,"0x58, W",0x30,0x38
250661,0x02A4,0x00D9,movwf,0x59,0x30,0x38
250662,0x02A5,0x0859,movf,"0x59, W",0x30,0x38
250663,0x02A6,0x1283,bcf,"0x03, 5",0x30,0x18
250664,0x02A7,0x1A0C,btfsc,"0x0C, 4",0x30,0x18
250665,0x02A8,0x2AAB,goto,0x2AB,0x30,0x18
250666,0x02AB,0x0099,movwf,0x19,0x30,0x18
250667,0x02AC,0x3400,retlw,0x00,0x00,0x18
250668,0x02B6,0x1683,bsf,"0x03, 5",0x00,0x38
250669,0x02B7,0x0856,movf,"0x56, W",0x00,0x3C
250670,0x02B8,0x00D8,movwf,0x58,0x00,0x3C
250671,0x02B9,0x1283,bcf,"0x03, 5",0x00,0x1C
250672,0x02BA,0x2297,call,0x297,0x00,0x1C
250673,0x0297,0x300F,movlw,0x0F,0x0F,0x1C
250674,0x0298,0x1683,bsf,"0x03, 5",0x0F,0x3C
250675,0x0299,0x05D8,andwf,"0x58, F",0x0F,0x3C
250676,0x029A,0x0858,movf,"0x58, W",0x00,0x3C
250677,0x029B,0x3C09,sublw,0x09,0x09,0x3B
250678,0x029C,0x1803,btfsc,"0x03, 0",0x09,0x3B
250679,0x029D,0x2AA2,goto,0x2A2,0x09,0x3B
250680,0x02A2,0x3030,movlw,0x30,0x30,0x3B
250681,0x02A3,0x0758,addwf,"0x58, W",0x30,0x38
250682,0x02A4,0x00D9,movwf,0x59,0x30,0x38
250683,0x02A5,0x0859,movf,"0x59, W",0x30,0x38
250684,0x02A6,0x1283,bcf,"0x03, 5",0x30,0x18
250685,0x02A7,0x1A0C,btfsc,"0x0C, 4",0x30,0x18
250686,0x02A8,0x2AAB,goto,0x2AB,0x30,0x18
250687,0x02AB,0x0099,movwf,0x19,0x30,0x18
250688,0x02AC,0x3400,retlw,0x00,0x00,0x18
250689,0x02BB,0x3400,retlw,0x00,0x00,0x18
250690,0x134B,0x160A,bsf,"0x0A, 4",0x00,0x18
250691,0x0004,0x00FF,movwf,0x7F,0x00,0x18
250692,0x0005,0x0E03,swapf,"0x03, W",0x81,0x18
250693,0x0006,0x0183,clrf,0x03,0x81,0x04
250694,0x0007,0x00A1,movwf,0x21,0x81,0x04
250695,0x0008,0x080A,movf,"0x0A, W",0x13,0x00
250696,0x0009,0x00A0,movwf,0x20,0x13,0x00
250697,0x000A,0x018A,clrf,0x0A,0x13,0x04
250698,0x000B,0x0804,movf,"0x04, W",0xA6,0x00
250699,0x000C,0x00A2,movwf,0x22,0xA6,0x00
250700,0x000D,0x0877,movf,"0x77, W",0x00,0x04
250701,0x000E,0x00A3,movwf,0x23,0x00,0x04
250702,0x000F,0x0878,movf,"0x78, W",0x00,0x04
250703,0x0010,0x00A4,movwf,0x24,0x00,0x04
250704,0x0011,0x0879,movf,"0x79, W",0x13,0x00
250705,0x0012,0x00A5,movwf,0x25,0x13,0x00
250706,0x0013,0x087A,movf,"0x7A, W",0x00,0x04
250707,0x0014,0x00A6,movwf,0x26,0x00,0x04
250708,0x0015,0x087B,movf,"0x7B, W",0x00,0x04
250709,0x0016,0x00A7,movwf,0x27,0x00,0x04
250710,0x0017,0x1383,bcf,"0x03, 7",0x00,0x04
250711,0x0018,0x1283,bcf,"0x03, 5",0x00,0x04
250712,0x0019,0x1E0B,btfss,"0x0B, 4",0x00,0x04
250713,0x001B,0x188B,btfsc,"0x0B, 1",0x00,0x04
250714,0x001D,0x308C,movlw,0x8C,0x8C,0x04
250715,0x001E,0x0084,movwf,0x04,0x8C,0x04
250716,0x001F,0x1E80,btfss,"0x00, 5",0x8C,0x04
250717,0x0021,0x1A8C,btfsc,"0x0C, 5",0x8C,0x04
250718,0x0023,0x308C,movlw,0x8C,0x8C,0x04
250719,0x0024,0x0084,movwf,0x04,0x8C,0x04
250720,0x0025,0x1C80,btfss,"0x00, 1",0x8C,0x04
250721,0x0027,0x188C,btfsc,"0x0C, 1",0x8C,0x04
250722,0x0028,0x2842,goto,0x042,0x8C,0x04
250723,0x0042,0x118A,bcf,"0x0A, 3",0x8C,0x04
250724,0x0043,0x120A,bcf,"0x0A, 4",0x8C,0x04
250725,0x0044,0x298B,goto,0x18B,0x8C,0x04
250726,0x018B,0x0FB1,incfsz,"0x31, F",0x8C,0x04
250727,0x018C,0x298F,goto,0x18F,0x8C,0x04
250728,0x018F,0x1FCC,btfss,"0x4C, 7",0x8C,0x04
250729,0x0190,0x2995,goto,0x195,0x8C,0x04
250730,0x0195,0x08B8,movf,"0x38, F",0x8C,0x04
250731,0x0196,0x1D03,btfss,"0x03, 2",0x8C,0x04
250732,0x0198,0x299A,goto,0x19A,0x8C,0x04
250733,0x019A,0x108C,bcf,"0x0C, 1",0x8C,0x04
250734,0x019B,0x118A,bcf,"0x0A, 3",0x8C,0x04
250735,0x019C,0x120A,bcf,"0x0A, 4",0x8C,0x04
250736,0x019D,0x2829,goto,0x029,0x8C,0x04
250737,0x0029,0x0822,movf,"0x22, W",0xA6,0x00
250738,0x002A,0x0084,movwf,0x04,0xA6,0x00
250739,0x002B,0x0823,movf,"0x23, W",0x00,0x04
250740,0x002C,0x00F7,movwf,0x77,0x00,0x04
250741,0x002D,0x0824,movf,"0x24, W",0x00,0x04
250742,0x002E,0x00F8,movwf,0x78,0x00,0x04
250743,0x002F,0x0825,movf,"0x25, W",0x13,0x00
250744,0x0030,0x00F9,movwf,0x79,0x13,0x00
250745,0x0031,0x0826,movf,"0x26, W",0x00,0x04
250746,0x0032,0x00FA,movwf,0x7A,0x00,0x04
250747,0x0033,0x0827,movf,"0x27, W",0x00,0x04
250748,0x0034,0x00FB,movwf,0x7B,0x00,0x04
250749,0x0035,0x0820,movf,"0x20, W",0x13,0x00
250750,0x0036,0x008A,movwf,0x0A,0x13,0x00
250751,0x0037,0x0E21,swapf,"0x21, W",0x18,0x00
250752,0x0038,0x0083,movwf,0x03,0x18,0x18
250753,0x0039,0x0EFF,swapf,"0x7F, F",0x18,0x18
250754,0x003A,0x0E7F,swapf,"0x7F, W",0x00,0x18
250755,0x003B,0x0009,retfie,,0x00,0x18
250756,0x134C,0x300A,movlw,0x0A,0x0A,0x18
250757,0x134D,0x1E0C,btfss,"0x0C, 4",0x0A,0x18
250758,0x134F,0x0099,movwf,0x19,0x0A,0x18
